t_s,evento,detalle,valor
0.044,inicio_tarea,,0.000
14.840,vibracion,Pared,186.000
14.840,colision_obstaculo,Columna_2,0.972
19.200,vibracion,Objeto,197.000
19.200,colision_objeto,Cubo_2,1.142
21.847,vibracion,Agarre,200.000
21.847,agarre,Cubo_2,0.000
22.833,soltar,Cubo_2,0.000
23.260,vibracion,Objeto,206.000
23.260,colision_objeto,Cubo_2,1.268
25.260,vibracion,Pared,200.000
25.260,colision_obstaculo,Columna_4,1.180
37.380,vibracion,Pared,130.000
37.380,colision_obstaculo,Columna_4,0.000
46.026,vibracion,Agarre,200.000
46.026,agarre,Cubo_2,0.000
58.942,soltar,Cubo_2,0.000
