t_s,pitch_deg,roll_deg,cmd_lineal,cmd_angular,v_ms,w_degs,rtt_ms,periodo_trama_ms,conectado,teclado,boton_agarre,boton_adelante,boton_atras,bateria,joystick_y,joystick_x
0.058,25.0,0.0,0.704,0.000,0.158,0.00,-1.0,0.0,0,1,0,0,0,-1,0.00,0.00
0.117,25.0,0.0,0.704,0.000,0.524,0.00,-1.0,0.0,0,1,0,0,0,-1,0.00,0.00
0.174,21.6,0.0,0.639,0.000,0.755,0.00,-1.0,0.0,0,1,0,0,0,-1,0.00,0.00
0.231,17.0,0.0,0.366,0.000,0.763,0.00,-1.0,0.0,0,1,0,0,0,-1,0.00,0.00
0.301,11.5,0.0,0.161,0.000,0.614,0.00,-1.0,0.0,0,1,0,0,0,-1,0.00,0.00
0.351,10.2,0.0,0.041,0.000,0.494,0.00,-1.0,0.0,0,1,0,0,0,-1,0.00,0.00
0.416,15.4,0.0,0.194,0.000,0.408,0.00,-1.0,0.0,0,1,0,0,0,-1,0.00,0.00
0.488,21.2,0.0,0.394,0.000,0.485,0.00,-1.0,0.0,0,1,0,0,0,-1,0.00,0.00
0.545,25.0,0.0,0.665,0.000,0.679,0.00,-1.0,0.0,0,1,0,0,0,-1,0.00,0.00
0.616,25.0,0.0,0.704,0.000,0.873,0.00,-1.0,0.0,0,1,0,0,0,-1,0.00,0.00
0.677,25.0,0.0,0.704,0.000,1.003,0.00,-1.0,0.0,0,1,0,0,0,-1,0.00,0.00
0.745,25.0,0.0,0.704,0.000,1.113,0.00,-1.0,0.0,0,1,0,0,0,-1,0.00,0.00
0.811,25.0,0.0,0.704,0.000,1.164,0.00,-1.0,0.0,0,1,0,0,0,-1,0.00,0.00
0.861,25.0,0.0,0.704,0.000,1.198,0.00,-1.0,0.0,0,1,0,0,0,-1,0.00,0.00
0.928,25.0,0.0,0.704,0.000,1.221,0.00,-1.0,0.0,0,1,0,0,0,-1,0.00,0.00
0.979,25.0,0.0,0.704,0.000,1.232,0.00,-1.0,0.0,0,1,0,0,0,-1,0.00,0.00
1.044,25.0,0.0,0.704,0.000,1.247,0.00,-1.0,0.0,0,1,0,0,0,-1,0.00,0.00
1.095,25.0,0.0,0.704,0.000,1.252,0.00,-1.0,0.0,0,1,0,0,0,-1,0.00,0.00
1.146,25.0,0.0,0.704,0.000,1.257,0.00,-1.0,0.0,0,1,0,0,0,-1,0.00,0.00
1.212,25.0,0.0,0.704,0.000,1.261,0.00,-1.0,0.0,0,1,0,0,0,-1,0.00,0.00
1.277,25.0,0.0,0.704,0.000,1.263,0.00,-1.0,0.0,0,1,0,0,0,-1,0.00,0.00
1.327,25.0,0.0,0.704,0.000,1.265,0.00,-1.0,0.0,0,1,0,0,0,-1,0.00,0.00
1.378,25.0,0.0,0.704,0.000,1.265,0.00,-1.0,0.0,0,1,0,0,0,-1,0.00,0.00
1.444,25.0,0.0,0.704,0.000,1.266,0.00,-1.0,0.0,0,1,0,0,0,-1,0.00,0.00
1.495,25.0,0.0,0.704,0.000,1.267,0.00,-1.0,0.0,0,1,0,0,0,-1,0.00,0.00
1.562,25.0,0.0,0.704,0.000,1.267,0.00,-1.0,0.0,0,1,0,0,0,-1,0.00,0.00
1.613,25.0,0.0,0.704,0.000,1.267,0.00,-1.0,0.0,0,1,0,0,0,-1,0.00,0.00
1.676,25.0,0.0,0.704,0.000,1.268,0.00,-1.0,0.0,0,1,0,0,0,-1,0.00,0.00
1.729,25.0,0.0,0.704,0.000,1.268,0.00,-1.0,0.0,0,1,0,0,0,-1,0.00,0.00
1.797,25.0,0.0,0.704,0.000,1.268,0.00,-1.0,0.0,0,1,0,0,0,-1,0.00,0.00
1.863,25.0,0.0,0.704,0.000,1.268,0.00,-1.0,0.0,0,1,0,0,0,-1,0.00,0.00
1.928,25.0,0.0,0.704,0.000,1.268,0.00,-1.0,0.0,0,1,0,0,0,-1,0.00,0.00
1.978,25.0,0.0,0.704,0.000,1.268,0.00,-1.0,0.0,0,1,0,0,0,-1,0.00,0.00
2.029,25.0,0.0,0.704,0.000,1.268,0.00,-1.0,0.0,0,1,0,0,0,-1,0.00,0.00
2.096,25.0,0.0,0.704,0.000,1.268,0.00,-1.0,0.0,0,1,0,0,0,-1,0.00,0.00
2.162,25.0,0.0,0.704,0.000,1.268,0.00,-1.0,0.0,0,1,0,0,0,-1,0.00,0.00
2.227,25.0,0.0,0.704,0.000,1.268,0.00,-1.0,0.0,0,1,0,0,0,-1,0.00,0.00
2.295,25.0,0.0,0.704,0.000,1.268,0.00,-1.0,0.0,0,1,0,0,0,-1,0.00,0.00
2.361,25.0,0.0,0.704,0.000,1.268,0.00,-1.0,0.0,0,1,0,0,0,-1,0.00,0.00
2.427,25.0,0.0,0.704,0.000,1.268,0.00,-1.0,0.0,0,1,0,0,0,-1,0.00,0.00
2.478,25.0,0.0,0.704,0.000,1.268,0.00,-1.0,0.0,0,1,0,0,0,-1,0.00,0.00
2.529,25.0,0.0,0.704,0.000,1.268,0.00,-1.0,0.0,0,1,0,0,0,-1,0.00,0.00
2.596,25.0,0.0,0.704,0.000,1.268,0.00,-1.0,0.0,0,1,0,0,0,-1,0.00,0.00
2.660,25.0,0.0,0.704,0.000,1.268,0.00,-1.0,0.0,0,1,0,0,0,-1,0.00,0.00
2.711,25.0,0.0,0.704,0.000,1.268,0.00,-1.0,0.0,0,1,0,0,0,-1,0.00,0.00
2.761,25.0,0.0,0.704,0.000,1.268,0.00,-1.0,0.0,0,1,0,0,0,-1,0.00,0.00
2.813,25.0,0.0,0.704,0.000,1.268,0.00,-1.0,0.0,0,1,0,0,0,-1,0.00,0.00
2.878,25.0,0.0,0.704,0.000,1.268,0.00,-1.0,0.0,0,1,0,0,0,-1,0.00,0.00
2.944,25.0,0.0,0.704,0.000,1.268,0.00,-1.0,0.0,0,1,0,0,0,-1,0.00,0.00
3.012,25.0,0.0,0.704,0.000,1.268,0.00,-1.0,0.0,0,1,0,0,0,-1,0.00,0.00
3.078,25.0,0.0,0.704,0.000,1.268,0.00,-1.0,0.0,0,1,0,0,0,-1,0.00,0.00
3.144,25.0,0.0,0.704,0.000,1.268,0.00,-1.0,0.0,0,1,0,0,0,-1,0.00,0.00
3.212,25.0,0.0,0.704,0.000,1.268,0.00,-1.0,0.0,0,1,0,0,0,-1,0.00,0.00
3.281,25.0,0.0,0.704,0.000,1.268,0.00,-1.0,0.0,0,1,0,0,0,-1,0.00,0.00
3.344,25.0,0.0,0.704,0.000,1.268,0.00,-1.0,0.0,0,1,0,0,0,-1,0.00,0.00
3.412,25.0,0.0,0.704,0.000,1.268,0.00,-1.0,0.0,0,1,0,0,0,-1,0.00,0.00
3.483,25.0,0.0,0.704,0.000,1.268,0.00,-1.0,0.0,0,1,0,0,0,-1,0.00,0.00
3.543,25.0,0.0,0.704,0.000,1.268,0.00,-1.0,0.0,0,1,0,0,0,-1,0.00,0.00
3.595,25.0,0.0,0.704,0.000,1.268,0.00,-1.0,0.0,0,1,0,0,0,-1,0.00,0.00
3.661,25.0,0.0,0.704,0.000,1.268,0.00,-1.0,0.0,0,1,0,0,0,-1,0.00,0.00
3.712,25.0,0.0,0.704,0.000,1.268,0.00,-1.0,0.0,0,1,0,0,0,-1,0.00,0.00
3.781,25.0,0.0,0.704,0.000,1.268,0.00,-1.0,0.0,0,1,0,0,0,-1,0.00,0.00
3.845,25.0,0.0,0.704,0.000,1.268,0.00,-1.0,0.0,0,1,0,0,0,-1,0.00,0.00
3.911,25.0,0.0,0.704,0.000,1.268,0.00,-1.0,0.0,0,1,0,0,0,-1,0.00,0.00
3.979,25.0,0.0,0.704,0.000,1.268,0.00,-1.0,0.0,0,1,0,0,0,-1,0.00,0.00
4.046,25.0,0.0,0.704,0.000,1.268,0.00,-1.0,0.0,0,1,0,0,0,-1,0.00,0.00
4.112,25.0,0.0,0.704,0.000,1.268,0.00,-1.0,0.0,0,1,0,0,0,-1,0.00,0.00
4.177,25.0,0.0,0.704,0.000,1.268,0.00,-1.0,0.0,0,1,0,0,0,-1,0.00,0.00
4.227,25.0,0.0,0.704,0.000,1.268,0.00,-1.0,0.0,0,1,0,0,0,-1,0.00,0.00
4.279,25.0,0.0,0.704,0.000,1.268,0.00,-1.0,0.0,0,1,0,0,0,-1,0.00,0.00
4.330,25.0,0.0,0.704,0.000,1.268,0.00,-1.0,0.0,0,1,0,0,0,-1,0.00,0.00
4.394,25.0,0.0,0.704,0.000,1.268,0.00,-1.0,0.0,0,1,0,0,0,-1,0.00,0.00
4.461,25.0,0.0,0.704,0.000,1.268,0.00,-1.0,0.0,0,1,0,0,0,-1,0.00,0.00
4.513,25.0,0.0,0.704,0.000,1.268,0.00,-1.0,0.0,0,1,0,0,0,-1,0.00,0.00
4.564,25.0,0.0,0.704,0.000,1.268,0.00,-1.0,0.0,0,1,0,0,0,-1,0.00,0.00
4.628,25.0,0.0,0.704,0.000,1.268,0.00,-1.0,0.0,0,1,0,0,0,-1,0.00,0.00
4.695,25.0,0.0,0.704,0.000,1.268,0.00,-1.0,0.0,0,1,0,0,0,-1,0.00,0.00
4.761,25.0,0.0,0.704,0.000,1.268,0.00,-1.0,0.0,0,1,0,0,0,-1,0.00,0.00
4.811,23.7,-4.0,0.704,0.000,1.268,0.00,-1.0,0.0,0,1,0,0,0,-1,0.00,0.00
4.861,19.6,-8.0,0.492,-0.005,1.178,-0.06,-1.0,0.0,0,1,0,0,0,-1,0.00,0.00
4.928,22.3,-13.4,0.490,-0.126,1.047,-2.79,-1.0,0.0,0,1,0,0,0,-1,0.00,0.00
4.994,25.0,-18.6,0.704,-0.325,1.080,-9.14,-1.0,0.0,0,1,0,0,0,-1,0.00,0.00
5.044,25.0,-22.7,0.704,-0.515,1.142,-19.58,-1.0,0.0,0,1,0,0,0,-1,0.00,0.00
5.111,25.0,-25.0,0.704,-0.704,1.183,-33.52,-1.0,0.0,0,1,0,0,0,-1,0.00,0.00
5.161,25.0,-25.0,0.704,-0.704,1.211,-43.37,-1.0,0.0,0,1,0,0,0,-1,0.00,0.00
5.212,25.0,-25.0,0.704,-0.704,1.225,-48.06,-1.0,0.0,0,1,0,0,0,-1,0.00,0.00
5.262,25.0,-25.0,0.704,-0.704,1.239,-53.11,-1.0,0.0,0,1,0,0,0,-1,0.00,0.00
5.328,25.0,-25.0,0.704,-0.704,1.248,-56.50,-1.0,0.0,0,1,0,0,0,-1,0.00,0.00
5.379,25.0,-25.0,0.704,-0.704,1.253,-58.12,-1.0,0.0,0,1,0,0,0,-1,0.00,0.00
5.445,25.0,-25.0,0.704,-0.704,1.259,-60.30,-1.0,0.0,0,1,0,0,0,-1,0.00,0.00
5.514,25.0,-25.0,0.704,-0.704,1.262,-61.32,-1.0,0.0,0,1,0,0,0,-1,0.00,0.00
5.577,25.0,-22.3,0.704,-0.704,1.264,-62.00,-1.0,0.0,0,1,0,0,0,-1,0.00,0.00
5.630,25.0,-18.1,0.704,-0.429,1.265,-56.06,-1.0,0.0,0,1,0,0,0,-1,0.00,0.00
5.694,25.0,-13.0,0.704,-0.202,1.266,-45.96,-1.0,0.0,0,1,0,0,0,-1,0.00,0.00
5.744,25.0,-9.0,0.704,-0.073,1.267,-34.12,-1.0,0.0,0,1,0,0,0,-1,0.00,0.00
5.811,25.0,-3.6,0.704,0.000,1.267,-23.26,-1.0,0.0,0,1,0,0,0,-1,0.00,0.00
5.877,25.0,0.0,0.704,0.000,1.267,-15.59,-1.0,0.0,0,1,0,0,0,-1,0.00,0.00
5.944,25.0,0.0,0.704,0.000,1.268,-9.15,-1.0,0.0,0,1,0,0,0,-1,0.00,0.00
5.995,25.0,0.0,0.704,0.000,1.268,-7.01,-1.0,0.0,0,1,0,0,0,-1,0.00,0.00
6.060,25.0,0.0,0.704,0.000,1.268,-4.70,-1.0,0.0,0,1,0,0,0,-1,0.00,0.00
6.111,25.0,-2.7,0.704,0.000,1.268,-3.15,-1.0,0.0,0,1,0,0,0,-1,0.00,0.00
6.161,25.0,-6.7,0.704,0.000,1.268,-2.11,-1.0,0.0,0,1,0,0,0,-1,0.00,0.00
6.212,25.0,-10.7,0.704,-0.052,1.268,-2.43,-1.0,0.0,0,1,0,0,0,-1,0.00,0.00
6.278,25.0,-16.0,0.704,-0.170,1.268,-5.51,-1.0,0.0,0,1,0,0,0,-1,0.00,0.00
6.345,25.0,-21.4,0.704,-0.443,1.268,-16.83,-1.0,0.0,0,1,0,0,0,-1,0.00,0.00
6.411,25.0,-25.0,0.704,-0.704,1.268,-30.00,-1.0,0.0,0,1,0,0,0,-1,0.00,0.00
6.461,25.0,-25.0,0.704,-0.704,1.268,-41.01,-1.0,0.0,0,1,0,0,0,-1,0.00,0.00
6.512,25.0,-25.0,0.704,-0.704,1.268,-46.25,-1.0,0.0,0,1,0,0,0,-1,0.00,0.00
6.580,25.0,-25.0,0.704,-0.704,1.268,-51.90,-1.0,0.0,0,1,0,0,0,-1,0.00,0.00
6.644,25.0,-25.0,0.704,-0.704,1.268,-56.65,-1.0,0.0,0,1,0,0,0,-1,0.00,0.00
6.711,25.0,-25.0,0.704,-0.704,1.268,-58.88,-1.0,0.0,0,1,0,0,0,-1,0.00,0.00
6.778,25.0,-25.0,0.704,-0.704,1.268,-60.37,-1.0,0.0,0,1,0,0,0,-1,0.00,0.00
6.845,25.0,-25.0,0.704,-0.704,1.268,-61.62,-1.0,0.0,0,1,0,0,0,-1,0.00,0.00
6.911,25.0,-25.0,0.704,-0.704,1.268,-62.20,-1.0,0.0,0,1,0,0,0,-1,0.00,0.00
6.977,25.0,-25.0,0.704,-0.704,1.268,-62.60,-1.0,0.0,0,1,0,0,0,-1,0.00,0.00
7.027,25.0,-25.0,0.704,-0.704,1.268,-62.86,-1.0,0.0,0,1,0,0,0,-1,0.00,0.00
7.078,23.9,-25.0,0.704,-0.704,1.268,-62.99,-1.0,0.0,0,1,0,0,0,-1,0.00,0.00
7.144,18.7,-25.0,0.445,-0.704,1.142,-63.15,-1.0,0.0,0,1,0,0,0,-1,0.00,0.00
7.195,14.6,-25.0,0.270,-0.704,1.011,-63.21,-1.0,0.0,0,1,0,0,0,-1,0.00,0.00
7.261,14.6,-25.0,0.169,-0.704,0.717,-63.29,-1.0,0.0,0,1,0,0,0,-1,0.00,0.00
7.311,18.6,-25.0,0.323,-0.704,0.674,-63.31,-1.0,0.0,0,1,0,0,0,-1,0.00,0.00
7.362,22.7,-25.0,0.515,-0.704,0.721,-63.34,-1.0,0.0,0,1,0,0,0,-1,0.00,0.00
7.427,25.0,-25.0,0.704,-0.704,0.892,-63.36,-1.0,0.0,0,1,0,0,0,-1,0.00,0.00
7.480,25.0,-25.0,0.704,-0.704,0.980,-63.37,-1.0,0.0,0,1,0,0,0,-1,0.00,0.00
7.544,25.0,-25.0,0.704,-0.704,1.099,-63.38,-1.0,0.0,0,1,0,0,0,-1,0.00,0.00
7.595,25.0,-25.0,0.704,-0.704,1.139,-63.38,-1.0,0.0,0,1,0,0,0,-1,0.00,0.00
7.661,25.0,-25.0,0.704,-0.704,1.192,-63.39,-1.0,0.0,0,1,0,0,0,-1,0.00,0.00
7.714,25.0,-25.0,0.704,-0.704,1.210,-63.39,-1.0,0.0,0,1,0,0,0,-1,0.00,0.00
7.777,25.0,-25.0,0.704,-0.704,1.229,-63.39,-1.0,0.0,0,1,0,0,0,-1,0.00,0.00
7.828,25.0,-25.0,0.704,-0.704,1.242,-63.39,-1.0,0.0,0,1,0,0,0,-1,0.00,0.00
7.878,25.0,-25.0,0.704,-0.704,1.248,-63.39,-1.0,0.0,0,1,0,0,0,-1,0.00,0.00
7.929,25.0,-25.0,0.704,-0.704,1.254,-63.39,-1.0,0.0,0,1,0,0,0,-1,0.00,0.00
7.994,25.0,-25.0,0.704,-0.704,1.259,-63.39,-1.0,0.0,0,1,0,0,0,-1,0.00,0.00
8.060,25.0,-25.0,0.704,-0.704,1.263,-63.39,-1.0,0.0,0,1,0,0,0,-1,0.00,0.00
8.112,25.0,-25.0,0.704,-0.704,1.264,-63.39,-1.0,0.0,0,1,0,0,0,-1,0.00,0.00
8.181,25.0,-25.0,0.704,-0.704,1.266,-63.39,-1.0,0.0,0,1,0,0,0,-1,0.00,0.00
8.245,25.0,-25.0,0.704,-0.704,1.266,-63.40,-1.0,0.0,0,1,0,0,0,-1,0.00,0.00
8.311,25.0,-25.0,0.704,-0.704,1.267,-63.40,-1.0,0.0,0,1,0,0,0,-1,0.00,0.00
8.362,25.0,-25.0,0.704,-0.704,1.267,-63.40,-1.0,0.0,0,1,0,0,0,-1,0.00,0.00
8.429,25.0,-25.0,0.704,-0.704,1.267,-63.40,-1.0,0.0,0,1,0,0,0,-1,0.00,0.00
8.481,25.0,-25.0,0.704,-0.704,1.268,-63.40,-1.0,0.0,0,1,0,0,0,-1,0.00,0.00
8.544,25.0,-25.0,0.704,-0.704,1.268,-63.40,-1.0,0.0,0,1,0,0,0,-1,0.00,0.00
8.611,25.0,-25.0,0.704,-0.704,1.268,-63.40,-1.0,0.0,0,1,0,0,0,-1,0.00,0.00
8.661,25.0,-25.0,0.704,-0.704,1.268,-63.40,-1.0,0.0,0,1,0,0,0,-1,0.00,0.00
8.711,25.0,-25.0,0.704,-0.704,1.268,-63.40,-1.0,0.0,0,1,0,0,0,-1,0.00,0.00
8.762,25.0,-25.0,0.704,-0.704,1.268,-63.40,-1.0,0.0,0,1,0,0,0,-1,0.00,0.00
8.828,25.0,-25.0,0.704,-0.704,1.268,-63.40,-1.0,0.0,0,1,0,0,0,-1,0.00,0.00
8.878,25.0,-25.0,0.704,-0.704,1.268,-63.40,-1.0,0.0,0,1,0,0,0,-1,0.00,0.00
8.947,25.0,-25.0,0.704,-0.704,1.268,-63.40,-1.0,0.0,0,1,0,0,0,-1,0.00,0.00
8.997,25.0,-23.4,0.704,-0.704,1.268,-63.40,-1.0,0.0,0,1,0,0,0,-1,0.00,0.00
9.061,25.0,-18.2,0.704,-0.429,1.268,-56.39,-1.0,0.0,0,1,0,0,0,-1,0.00,0.00
9.128,25.0,-12.9,0.704,-0.204,1.268,-45.24,-1.0,0.0,0,1,0,0,0,-1,0.00,0.00
9.194,25.0,-7.7,0.704,-0.044,1.268,-33.27,-1.0,0.0,0,1,0,0,0,-1,0.00,0.00
9.261,25.0,-2.3,0.704,0.000,1.268,-19.66,-1.0,0.0,0,1,0,0,0,-1,0.00,0.00
9.327,25.0,0.0,0.704,0.000,1.268,-13.18,-1.0,0.0,0,1,0,0,0,-1,0.00,0.00
9.394,25.0,0.0,0.704,0.000,1.268,-8.83,-1.0,0.0,0,1,0,0,0,-1,0.00,0.00
9.444,25.0,0.0,0.704,0.000,1.268,-5.92,-1.0,0.0,0,1,0,0,0,-1,0.00,0.00
9.511,25.0,0.0,0.704,0.000,1.268,-3.97,-1.0,0.0,0,1,0,0,0,-1,0.00,0.00
9.577,25.0,0.0,0.704,0.000,1.268,-2.66,-1.0,0.0,0,1,0,0,0,-1,0.00,0.00
9.628,25.0,0.0,0.704,0.000,1.268,-1.78,-1.0,0.0,0,1,0,0,0,-1,0.00,0.00
9.682,25.0,0.0,0.704,0.000,1.268,-1.20,-1.0,0.0,0,1,0,0,0,-1,0.00,0.00
9.745,25.0,0.0,0.704,0.000,1.268,-0.80,-1.0,0.0,0,1,0,0,0,-1,0.00,0.00
9.811,25.0,0.0,0.704,0.000,1.268,-0.54,-1.0,0.0,0,1,0,0,0,-1,0.00,0.00
9.861,25.0,0.0,0.704,0.000,1.268,-0.36,-1.0,0.0,0,1,0,0,0,-1,0.00,0.00
9.930,25.0,0.0,0.704,0.000,1.268,-0.24,-1.0,0.0,0,1,0,0,0,-1,0.00,0.00
9.994,25.0,0.0,0.704,0.000,1.268,-0.16,-1.0,0.0,0,1,0,0,0,-1,0.00,0.00
10.044,25.0,0.0,0.704,0.000,1.268,-0.11,-1.0,0.0,0,1,0,0,0,-1,0.00,0.00
10.096,25.0,0.0,0.704,0.000,1.268,-0.08,-1.0,0.0,0,1,0,0,0,-1,0.00,0.00
10.161,25.0,0.0,0.704,0.000,1.268,-0.05,-1.0,0.0,0,1,0,0,0,-1,0.00,0.00
10.212,25.0,0.0,0.704,0.000,1.268,-0.04,-1.0,0.0,0,1,0,0,0,-1,0.00,0.00
10.278,25.0,0.0,0.704,0.000,1.268,-0.03,-1.0,0.0,0,1,0,0,0,-1,0.00,0.00
10.346,25.0,0.0,0.704,0.000,1.268,-0.01,-1.0,0.0,0,1,0,0,0,-1,0.00,0.00
10.411,25.0,0.0,0.704,0.000,1.268,-0.01,-1.0,0.0,0,1,0,0,0,-1,0.00,0.00
10.461,25.0,0.0,0.704,0.000,1.268,-0.01,-1.0,0.0,0,1,0,0,0,-1,0.00,0.00
10.529,25.0,0.0,0.704,0.000,1.268,0.00,-1.0,0.0,0,1,0,0,0,-1,0.00,0.00
10.579,25.0,0.0,0.704,0.000,1.268,0.00,-1.0,0.0,0,1,0,0,0,-1,0.00,0.00
10.644,25.0,0.0,0.704,0.000,1.268,0.00,-1.0,0.0,0,1,0,0,0,-1,0.00,0.00
10.711,25.0,0.0,0.704,0.000,1.268,0.00,-1.0,0.0,0,1,0,0,0,-1,0.00,0.00
10.762,25.0,-2.7,0.704,0.000,1.268,0.00,-1.0,0.0,0,1,0,0,0,-1,0.00,0.00
10.831,25.0,-8.3,0.704,-0.004,1.268,-0.05,-1.0,0.0,0,1,0,0,0,-1,0.00,0.00
10.895,25.0,-13.4,0.704,-0.126,1.268,-2.22,-1.0,0.0,0,1,0,0,0,-1,0.00,0.00
10.960,25.0,-18.6,0.704,-0.323,1.268,-10.74,-1.0,0.0,0,1,0,0,0,-1,0.00,0.00
11.012,25.0,-22.7,0.704,-0.506,1.268,-18.29,-1.0,0.0,0,1,0,0,0,-1,0.00,0.00
11.079,25.0,-25.0,0.704,-0.704,1.268,-31.53,-1.0,0.0,0,1,0,0,0,-1,0.00,0.00
11.131,25.0,-25.0,0.704,-0.704,1.268,-42.04,-1.0,0.0,0,1,0,0,0,-1,0.00,0.00
11.194,25.0,-25.0,0.704,-0.704,1.268,-49.08,-1.0,0.0,0,1,0,0,0,-1,0.00,0.00
11.245,25.0,-25.0,0.704,-0.704,1.268,-53.80,-1.0,0.0,0,1,0,0,0,-1,0.00,0.00
11.312,25.0,-25.0,0.704,-0.704,1.268,-56.96,-1.0,0.0,0,1,0,0,0,-1,0.00,0.00
11.363,25.0,-25.0,0.704,-0.704,1.268,-59.08,-1.0,0.0,0,1,0,0,0,-1,0.00,0.00
11.429,25.0,-25.0,0.704,-0.704,1.268,-60.50,-1.0,0.0,0,1,0,0,0,-1,0.00,0.00
11.495,25.0,-25.0,0.704,-0.704,1.268,-61.46,-1.0,0.0,0,1,0,0,0,-1,0.00,0.00
11.563,25.0,-25.0,0.704,-0.704,1.268,-62.26,-1.0,0.0,0,1,0,0,0,-1,0.00,0.00
11.630,25.0,-25.0,0.704,-0.704,1.268,-62.63,-1.0,0.0,0,1,0,0,0,-1,0.00,0.00
11.694,25.0,-21.0,0.704,-0.557,1.268,-61.23,-1.0,0.0,0,1,0,0,0,-1,0.00,0.00
11.745,25.0,-16.9,0.704,-0.367,1.268,-53.60,-1.0,0.0,0,1,0,0,0,-1,0.00,0.00
11.810,25.0,-11.7,0.704,-0.157,1.268,-42.32,-1.0,0.0,0,1,0,0,0,-1,0.00,0.00
11.860,25.0,-7.7,0.704,-0.043,1.268,-30.56,-1.0,0.0,0,1,0,0,0,-1,0.00,0.00
11.911,25.0,-3.6,0.704,0.000,1.268,-23.42,-1.0,0.0,0,1,0,0,0,-1,0.00,0.00
11.962,25.0,0.0,0.704,0.000,1.268,-15.70,-1.0,0.0,0,1,0,0,0,-1,0.00,0.00
12.028,25.0,0.0,0.704,0.000,1.268,-10.52,-1.0,0.0,0,1,0,0,0,-1,0.00,0.00
12.095,25.0,0.0,0.704,0.000,1.268,-7.05,-1.0,0.0,0,1,0,0,0,-1,0.00,0.00
12.161,25.0,0.0,0.704,0.000,1.268,-4.14,-1.0,0.0,0,1,0,0,0,-1,0.00,0.00
12.228,25.0,0.0,0.704,0.000,1.268,-2.77,-1.0,0.0,0,1,0,0,0,-1,0.00,0.00
12.278,25.0,-4.0,0.704,0.000,1.268,-2.12,-1.0,0.0,0,1,0,0,0,-1,0.00,0.00
12.329,25.0,-8.1,0.704,-0.005,1.268,-1.48,-1.0,0.0,0,1,0,0,0,-1,0.00,0.00
12.394,25.0,-13.3,0.704,-0.118,1.268,-3.06,-1.0,0.0,0,1,0,0,0,-1,0.00,0.00
12.461,25.0,-10.7,0.704,-0.128,1.268,-8.05,-1.0,0.0,0,1,0,0,0,-1,0.00,0.00
12.511,25.0,-6.7,0.704,-0.025,1.268,-6.97,-1.0,0.0,0,1,0,0,0,-1,0.00,0.00
12.578,25.0,-1.4,0.704,0.000,1.268,-4.71,-1.0,0.0,0,1,0,0,0,-1,0.00,0.00
12.645,25.0,0.0,0.704,0.000,1.268,-2.77,-1.0,0.0,0,1,0,0,0,-1,0.00,0.00
12.695,25.0,0.0,0.704,0.000,1.268,-2.12,-1.0,0.0,0,1,0,0,0,-1,0.00,0.00
12.759,25.0,0.0,0.704,0.000,1.268,-1.42,-1.0,0.0,0,1,0,0,0,-1,0.00,0.00
12.812,25.0,0.0,0.704,0.000,1.268,-0.95,-1.0,0.0,0,1,0,0,0,-1,0.00,0.00
12.862,25.0,0.0,0.704,0.000,1.268,-0.64,-1.0,0.0,0,1,0,0,0,-1,0.00,0.00
12.927,25.0,0.0,0.704,0.000,1.268,-0.43,-1.0,0.0,0,1,0,0,0,-1,0.00,0.00
12.994,25.0,-5.3,0.704,0.000,1.268,-0.29,-1.0,0.0,0,1,0,0,0,-1,0.00,0.00
13.062,25.0,-10.8,0.704,-0.052,1.268,-1.04,-1.0,0.0,0,1,0,0,0,-1,0.00,0.00
13.128,25.0,-16.1,0.704,-0.217,1.268,-5.93,-1.0,0.0,0,1,0,0,0,-1,0.00,0.00
13.194,25.0,-21.4,0.704,-0.443,1.268,-14.49,-1.0,0.0,0,1,0,0,0,-1,0.00,0.00
13.245,25.0,-22.6,0.704,-0.651,1.268,-27.14,-1.0,0.0,0,1,0,0,0,-1,0.00,0.00
13.311,25.0,-17.3,0.704,-0.384,1.268,-31.86,-1.0,0.0,0,1,0,0,0,-1,0.00,0.00
13.379,25.0,-11.9,0.704,-0.215,1.268,-29.16,-1.0,0.0,0,1,0,0,0,-1,0.00,0.00
13.444,25.0,-6.7,0.704,-0.025,1.268,-19.53,-1.0,0.0,0,1,0,0,0,-1,0.00,0.00
13.494,25.0,-2.7,0.704,0.000,1.268,-15.01,-1.0,0.0,0,1,0,0,0,-1,0.00,0.00
13.561,25.0,0.0,0.704,0.000,1.268,-8.80,-1.0,0.0,0,1,0,0,0,-1,0.00,0.00
13.628,25.0,0.0,0.704,0.000,1.268,-5.90,-1.0,0.0,0,1,0,0,0,-1,0.00,0.00
13.679,25.0,0.0,0.704,0.000,1.268,-4.52,-1.0,0.0,0,1,0,0,0,-1,0.00,0.00
13.744,19.8,0.0,0.496,0.000,1.182,-2.65,-1.0,0.0,0,1,0,0,0,-1,0.00,0.00
13.811,14.4,0.0,0.263,0.000,0.988,-1.78,-1.0,0.0,0,1,0,0,0,-1,0.00,0.00
13.863,10.3,0.0,0.117,0.000,0.756,-1.19,-1.0,0.0,0,1,0,0,0,-1,0.00,0.00
13.928,5.0,0.0,0.003,0.000,0.519,-0.80,-1.0,0.0,0,1,0,0,0,-1,0.00,0.00
13.978,1.0,0.0,0.000,0.000,0.398,-0.61,-1.0,0.0,0,1,0,0,0,-1,0.00,0.00
14.044,0.0,0.0,0.000,0.000,0.233,-0.36,-1.0,0.0,0,1,0,0,0,-1,0.00,0.00
14.112,0.0,0.0,0.000,0.000,0.156,-0.24,-1.0,0.0,0,1,0,0,0,-1,0.00,0.00
14.177,0.0,0.0,0.000,0.000,0.105,-0.16,-1.0,0.0,0,1,0,0,0,-1,0.00,0.00
14.228,0.0,0.0,0.000,0.000,0.070,-0.11,-1.0,0.0,0,1,0,0,0,-1,0.00,0.00
14.294,0.0,0.0,0.000,0.000,0.047,-0.07,-1.0,0.0,0,1,0,0,0,-1,0.00,0.00
14.345,0.0,0.0,0.000,0.000,0.032,-0.05,-1.0,0.0,0,1,0,0,0,-1,0.00,0.00
14.410,1.3,0.0,0.000,0.000,0.021,-0.03,-1.0,0.0,0,1,0,0,0,-1,0.00,0.00
14.460,5.3,0.0,0.000,0.000,0.014,-0.02,-1.0,0.0,0,1,0,0,0,-1,0.00,0.00
14.527,10.6,0.0,0.050,0.000,0.026,-0.01,-1.0,0.0,0,1,0,0,0,-1,0.00,0.00
14.578,14.7,0.0,0.125,0.000,0.065,-0.01,-1.0,0.0,0,1,0,0,0,-1,0.00,0.00
14.630,18.8,0.0,0.322,0.000,0.206,-0.01,-1.0,0.0,0,1,0,0,0,-1,0.00,0.00
14.693,23.9,0.0,0.578,0.000,0.423,-0.01,-1.0,0.0,0,1,0,0,0,-1,0.00,0.00
14.744,25.0,0.0,0.704,0.000,0.691,0.00,-1.0,0.0,0,1,0,0,0,-1,0.00,0.00
14.796,25.0,0.0,0.704,0.000,0.826,0.00,-1.0,0.0,0,1,0,0,0,-1,0.00,0.00
14.867,25.0,0.0,0.704,0.000,1.009,0.00,-1.0,0.0,0,1,0,0,0,-1,0.00,0.00
14.931,25.0,0.0,0.704,0.000,1.094,0.00,-1.0,0.0,0,1,0,0,0,-1,0.00,0.00
14.998,25.0,0.0,0.704,0.000,1.151,0.00,-1.0,0.0,0,1,0,0,0,-1,0.00,0.00
15.048,25.0,0.0,0.704,0.000,1.190,0.00,-1.0,0.0,0,1,0,0,0,-1,0.00,0.00
15.116,25.0,0.0,0.704,0.000,1.216,0.00,-1.0,0.0,0,1,0,0,0,-1,0.00,0.00
15.181,23.7,0.0,0.704,0.000,1.237,0.00,-1.0,0.0,0,1,0,0,0,-1,0.00,0.00
15.248,18.4,0.0,0.434,0.000,1.122,0.00,-1.0,0.0,0,1,0,0,0,-1,0.00,0.00
15.298,14.3,0.0,0.309,0.000,1.002,0.00,-1.0,0.0,0,1,0,0,0,-1,0.00,0.00
15.365,9.0,0.0,0.078,0.000,0.686,0.00,-1.0,0.0,0,1,0,0,0,-1,0.00,0.00
15.432,3.6,0.0,0.000,0.000,0.468,0.00,-1.0,0.0,0,1,0,0,0,-1,0.00,0.00
15.500,1.5,0.0,0.000,0.000,0.275,0.00,-1.0,0.0,0,1,0,0,0,-1,0.00,0.00
15.566,6.7,0.0,0.000,0.000,0.184,0.00,-1.0,0.0,0,1,0,0,0,-1,0.00,0.00
15.632,12.0,0.0,0.086,0.000,0.153,0.00,-1.0,0.0,0,1,0,0,0,-1,0.00,0.00
15.697,17.3,0.0,0.218,0.000,0.206,0.00,-1.0,0.0,0,1,0,0,0,-1,0.00,0.00
15.748,21.3,0.0,0.443,0.000,0.369,0.00,-1.0,0.0,0,1,0,0,0,-1,0.00,0.00
15.799,25.0,0.0,0.577,0.000,0.513,0.00,-1.0,0.0,0,1,0,0,0,-1,0.00,0.00
15.849,25.0,0.0,0.704,0.000,0.762,0.00,-1.0,0.0,0,1,0,0,0,-1,0.00,0.00
15.914,25.0,0.0,0.704,0.000,0.929,0.00,-1.0,0.0,0,1,0,0,0,-1,0.00,0.00
15.965,25.0,0.0,0.704,0.000,1.040,0.00,-1.0,0.0,0,1,0,0,0,-1,0.00,0.00
16.031,25.0,0.0,0.704,0.000,1.115,0.00,-1.0,0.0,0,1,0,0,0,-1,0.00,0.00
16.082,25.0,0.0,0.704,0.000,1.166,0.00,-1.0,0.0,0,1,0,0,0,-1,0.00,0.00
16.148,25.0,0.0,0.704,0.000,1.199,0.00,-1.0,0.0,0,1,0,0,0,-1,0.00,0.00
16.209,25.0,-4.9,0.704,0.000,1.222,0.00,-1.0,0.0,0,1,0,0,0,-1,0.00,0.00
16.275,25.0,-10.2,0.704,-0.039,1.237,-0.45,-1.0,0.0,0,1,0,0,0,-1,0.00,0.00
16.341,25.0,-10.1,0.704,-0.109,1.250,-4.45,-1.0,0.0,0,1,0,0,0,-1,0.00,0.00
16.408,25.0,-4.7,0.704,0.000,1.256,-3.45,-1.0,0.0,0,1,0,0,0,-1,0.00,0.00
16.460,25.0,-0.6,0.704,0.000,1.260,-2.31,-1.0,0.0,0,1,0,0,0,-1,0.00,0.00
16.525,25.0,0.0,0.704,0.000,1.262,-1.55,-1.0,0.0,0,1,0,0,0,-1,0.00,0.00
16.575,25.0,0.0,0.704,0.000,1.264,-1.19,-1.0,0.0,0,1,0,0,0,-1,0.00,0.00
16.642,25.0,0.0,0.704,0.000,1.265,-0.70,-1.0,0.0,0,1,0,0,0,-1,0.00,0.00
16.709,25.0,0.0,0.704,0.000,1.266,-0.47,-1.0,0.0,0,1,0,0,0,-1,0.00,0.00
16.775,25.0,-2.7,0.704,0.000,1.267,-0.31,-1.0,0.0,0,1,0,0,0,-1,0.00,0.00
16.840,25.0,-7.9,0.704,-0.004,1.267,-0.23,-1.0,0.0,0,1,0,0,0,-1,0.00,0.00
16.891,25.0,-12.0,0.704,-0.085,1.267,-1.64,-1.0,0.0,0,1,0,0,0,-1,0.00,0.00
16.958,25.0,-17.3,0.704,-0.219,1.268,-6.33,-1.0,0.0,0,1,0,0,0,-1,0.00,0.00
17.026,25.0,-22.7,0.704,-0.507,1.268,-19.41,-1.0,0.0,0,1,0,0,0,-1,0.00,0.00
17.093,25.0,-25.0,0.704,-0.704,1.268,-32.86,-1.0,0.0,0,1,0,0,0,-1,0.00,0.00
17.143,25.0,-25.0,0.704,-0.704,1.268,-42.93,-1.0,0.0,0,1,0,0,0,-1,0.00,0.00
17.209,25.0,-25.0,0.704,-0.704,1.268,-49.67,-1.0,0.0,0,1,0,0,0,-1,0.00,0.00
17.273,22.5,-23.8,0.635,-0.704,1.252,-54.20,-1.0,0.0,0,1,0,0,0,-1,0.00,0.00
17.325,18.4,-19.7,0.434,-0.495,1.134,-52.95,-1.0,0.0,0,1,0,0,0,-1,0.00,0.00
17.392,13.0,-14.3,0.210,-0.259,0.922,-45.17,-1.0,0.0,0,1,0,0,0,-1,0.00,0.00
17.459,7.7,-9.0,0.079,-0.115,0.686,-34.84,-1.0,0.0,0,1,0,0,0,-1,0.00,0.00
17.509,3.6,-4.9,0.000,-0.001,0.463,-23.90,-1.0,0.0,0,1,0,0,0,-1,0.00,0.00
17.575,0.0,0.0,0.000,0.000,0.310,-16.02,-1.0,0.0,0,1,0,0,0,-1,0.00,0.00
17.625,0.0,0.0,0.000,0.000,0.208,-10.74,-1.0,0.0,0,1,0,0,0,-1,0.00,0.00
17.675,0.0,0.0,0.000,0.000,0.159,-8.22,-1.0,0.0,0,1,0,0,0,-1,0.00,0.00
17.744,0.0,0.0,0.000,0.000,0.093,-4.82,-1.0,0.0,0,1,0,0,0,-1,0.00,0.00
17.808,0.0,0.0,0.000,0.000,0.063,-3.23,-1.0,0.0,0,1,0,0,0,-1,0.00,0.00
17.858,0.0,0.0,0.000,0.000,0.048,-2.48,-1.0,0.0,0,1,0,0,0,-1,0.00,0.00
17.923,0.0,0.0,0.000,0.000,0.028,-1.45,-1.0,0.0,0,1,0,0,0,-1,0.00,0.00
17.976,0.0,0.0,0.000,0.000,0.022,-1.11,-1.0,0.0,0,1,0,0,0,-1,0.00,0.00
18.041,0.0,0.0,0.000,0.000,0.013,-0.65,-1.0,0.0,0,1,0,0,0,-1,0.00,0.00
18.092,0.0,0.0,0.000,0.000,0.010,-0.50,-1.0,0.0,0,1,0,0,0,-1,0.00,0.00
18.159,0.0,0.0,0.000,0.000,0.006,-0.34,-1.0,0.0,0,1,0,0,0,-1,0.00,0.00
18.225,0.0,0.0,0.000,0.000,0.004,-0.20,-1.0,0.0,0,1,0,0,0,-1,0.00,0.00
18.291,0.0,0.0,0.000,0.000,0.003,-0.13,-1.0,0.0,0,1,0,0,0,-1,0.00,0.00
18.358,0.0,0.0,0.000,0.000,0.002,-0.09,-1.0,0.0,0,1,0,0,0,-1,0.00,0.00
18.410,0.0,0.0,0.000,0.000,0.001,-0.06,-1.0,0.0,0,1,0,0,0,-1,0.00,0.00
18.460,0.0,0.0,0.000,0.000,0.001,-0.04,-1.0,0.0,0,1,0,0,0,-1,0.00,0.00
18.525,0.0,0.0,0.000,0.000,0.001,-0.03,-1.0,0.0,0,1,0,0,0,-1,0.00,0.00
18.591,2.7,-1.4,0.000,0.000,0.000,-0.02,-1.0,0.0,0,1,0,0,0,-1,0.00,0.00
18.641,6.7,-5.4,0.000,0.000,0.000,-0.01,-1.0,0.0,0,1,0,0,0,-1,0.00,0.00
18.707,12.0,-10.6,0.085,-0.052,0.034,-0.88,-1.0,0.0,0,1,0,0,0,-1,0.00,0.00
18.757,16.0,-14.7,0.168,-0.125,0.088,-2.91,-1.0,0.0,0,1,0,0,0,-1,0.00,0.00
18.808,20.0,-18.7,0.383,-0.325,0.255,-10.13,-1.0,0.0,0,1,0,0,0,-1,0.00,0.00
18.858,24.1,-22.8,0.509,-0.445,0.397,-16.54,-1.0,0.0,0,1,0,0,0,-1,0.00,0.00
18.924,25.0,-25.0,0.704,-0.704,0.750,-34.53,-1.0,0.0,0,1,0,0,0,-1,0.00,0.00
18.991,25.0,-25.0,0.704,-0.704,0.920,-44.04,-1.0,0.0,0,1,0,0,0,-1,0.00,0.00
19.042,25.0,-25.0,0.704,-0.704,1.035,-50.42,-1.0,0.0,0,1,0,0,0,-1,0.00,0.00
19.092,25.0,-25.0,0.704,-0.704,1.090,-53.46,-1.0,0.0,0,1,0,0,0,-1,0.00,0.00
19.160,25.0,-25.0,0.704,-0.704,1.148,-56.74,-1.0,0.0,0,1,0,0,0,-1,0.00,0.00
19.246,18.1,-20.7,0.506,-0.638,1.088,-58.57,-1.0,0.0,0,1,0,0,0,-1,0.00,0.00
19.296,14.1,-16.6,0.245,-0.351,0.959,-53.51,-1.0,0.0,0,1,0,0,0,-1,0.00,0.00
19.364,8.6,-11.2,0.072,-0.147,0.654,-39.18,-1.0,0.0,0,1,0,0,0,-1,0.00,0.00
19.429,3.5,-6.0,0.000,-0.012,0.441,-27.34,-1.0,0.0,0,1,0,0,0,-1,0.00,0.00
19.479,0.0,-2.0,0.000,0.000,0.338,-20.94,-1.0,0.0,0,1,0,0,0,-1,0.00,0.00
19.530,0.0,0.0,0.000,0.000,0.226,-14.04,-1.0,0.0,0,1,0,0,0,-1,0.00,0.00
19.580,0.0,0.0,0.000,0.000,0.152,-9.41,-1.0,0.0,0,1,0,0,0,-1,0.00,0.00
19.646,0.0,0.0,0.000,0.000,0.102,-6.31,-1.0,0.0,0,1,0,0,0,-1,0.00,0.00
19.696,0.0,0.0,0.000,0.000,0.078,-4.83,-1.0,0.0,0,1,0,0,0,-1,0.00,0.00
19.747,0.0,0.0,0.000,0.000,0.052,-3.24,-1.0,0.0,0,1,0,0,0,-1,0.00,0.00
19.813,0.0,0.0,0.000,0.000,0.035,-2.17,-1.0,0.0,0,1,0,0,0,-1,0.00,0.00
19.865,0.0,0.0,0.000,0.000,0.023,-1.46,-1.0,0.0,0,1,0,0,0,-1,0.00,0.00
19.930,0.0,0.0,0.000,0.000,0.016,-0.98,-1.0,0.0,0,1,0,0,0,-1,0.00,0.00
19.996,0.0,0.0,0.000,0.000,0.011,-0.65,-1.0,0.0,0,1,0,0,0,-1,0.00,0.00
20.047,0.0,0.0,0.000,0.000,0.007,-0.44,-1.0,0.0,0,1,0,0,0,-1,0.00,0.00
20.100,0.0,0.0,0.000,0.000,0.005,-0.34,-1.0,0.0,0,1,0,0,0,-1,0.00,0.00
20.163,0.0,0.0,0.000,0.000,0.003,-0.20,-1.0,0.0,0,1,0,0,0,-1,0.00,0.00
20.230,0.0,0.0,0.000,0.000,0.002,-0.13,-1.0,0.0,0,1,0,0,0,-1,0.00,0.00
20.280,0.0,0.0,0.000,0.000,0.001,-0.09,-1.0,0.0,0,1,0,0,0,-1,0.00,0.00
20.347,0.0,0.0,0.000,0.000,0.001,-0.06,-1.0,0.0,0,1,0,0,0,-1,0.00,0.00
20.412,0.0,0.0,0.000,0.000,0.001,-0.04,-1.0,0.0,0,1,0,0,0,-1,0.00,0.00
20.463,0.0,0.0,0.000,0.000,0.000,-0.03,-1.0,0.0,0,1,0,0,0,-1,0.00,0.00
20.513,0.0,0.0,0.000,0.000,0.000,-0.02,-1.0,0.0,0,1,0,0,0,-1,0.00,0.00
20.580,0.0,0.0,0.000,0.000,0.000,-0.01,-1.0,0.0,0,1,0,0,0,-1,0.00,0.00
20.630,0.0,0.0,0.000,0.000,0.000,-0.01,-1.0,0.0,0,1,0,0,0,-1,0.00,0.00
20.696,0.0,0.0,0.000,0.000,0.000,-0.01,-1.0,0.0,0,1,0,0,0,-1,0.00,0.00
20.763,0.0,0.0,0.000,0.000,0.000,0.00,-1.0,0.0,0,1,0,0,0,-1,0.00,0.00
20.813,0.0,0.0,0.000,0.000,0.000,0.00,-1.0,0.0,0,1,0,0,0,-1,0.00,0.00
20.880,0.0,0.0,0.000,0.000,0.000,0.00,-1.0,0.0,0,1,0,0,0,-1,0.00,0.00
20.946,0.0,0.0,0.000,0.000,0.000,0.00,-1.0,0.0,0,1,0,0,0,-1,0.00,0.00
21.012,0.0,0.0,0.000,0.000,0.000,0.00,-1.0,0.0,0,1,0,0,0,-1,0.00,0.00
21.063,0.0,0.0,0.000,0.000,0.000,0.00,-1.0,0.0,0,1,0,0,0,-1,0.00,0.00
21.113,0.0,0.0,0.000,0.000,0.000,0.00,-1.0,0.0,0,1,0,0,0,-1,0.00,0.00
21.182,0.0,0.0,0.000,0.000,0.000,0.00,-1.0,0.0,0,1,0,0,0,-1,0.00,0.00
21.247,0.0,0.0,0.000,0.000,0.000,0.00,-1.0,0.0,0,1,0,0,0,-1,0.00,0.00
21.313,0.0,0.0,0.000,0.000,0.000,0.00,-1.0,0.0,0,1,0,0,0,-1,0.00,0.00
21.380,0.0,0.0,0.000,0.000,0.000,0.00,-1.0,0.0,0,1,0,0,0,-1,0.00,0.00
21.447,0.0,0.0,0.000,0.000,0.000,0.00,-1.0,0.0,0,1,0,0,0,-1,0.00,0.00
21.514,0.0,0.0,0.000,0.000,0.000,0.00,-1.0,0.0,0,1,0,0,0,-1,0.00,0.00
21.564,4.1,0.0,0.000,0.000,0.000,0.00,-1.0,0.0,0,1,0,0,0,-1,0.00,0.00
21.616,8.2,0.0,0.004,0.000,0.001,0.00,-1.0,0.0,0,1,0,0,0,-1,0.00,0.00
21.681,13.4,0.0,0.123,0.000,0.057,0.00,-1.0,0.0,0,1,0,0,0,-1,0.00,0.00
21.746,18.6,0.0,0.324,0.000,0.201,0.00,-1.0,0.0,0,1,0,0,0,-1,0.00,0.00
21.797,22.7,0.0,0.449,0.000,0.330,0.00,-1.0,0.0,0,1,0,0,0,-1,0.00,0.00
21.916,25.0,0.0,0.704,0.000,0.824,0.00,-1.0,0.0,0,1,1,0,0,-1,0.00,0.00
21.982,25.0,0.0,0.704,0.000,1.008,0.00,-1.0,0.0,0,1,1,0,0,-1,0.00,0.00
22.032,25.0,0.0,0.704,0.000,1.069,0.00,-1.0,0.0,0,1,1,0,0,-1,0.00,0.00
22.083,25.0,0.0,0.704,0.000,1.134,0.00,-1.0,0.0,0,1,1,0,0,-1,0.00,0.00
22.149,25.0,0.0,0.704,0.000,1.178,0.00,-1.0,0.0,0,1,1,0,0,-1,0.00,0.00
22.216,25.0,0.0,0.704,0.000,1.208,0.00,-1.0,0.0,0,1,1,0,0,-1,0.00,0.00
22.282,25.0,0.0,0.704,0.000,1.233,0.00,-1.0,0.0,0,1,1,0,0,-1,0.00,0.00
22.348,25.0,0.0,0.704,0.000,1.244,0.00,-1.0,0.0,0,1,1,0,0,-1,0.00,0.00
22.401,25.0,0.0,0.704,0.000,1.252,0.00,-1.0,0.0,0,1,1,0,0,-1,0.00,0.00
22.466,25.0,0.0,0.704,0.000,1.257,0.00,-1.0,0.0,0,1,1,0,0,-1,0.00,0.00
22.518,25.0,0.0,0.704,0.000,1.260,0.00,-1.0,0.0,0,1,1,0,0,-1,0.00,0.00
22.582,25.0,0.0,0.704,0.000,1.263,0.00,-1.0,0.0,0,1,1,0,0,-1,0.00,0.00
22.649,25.0,0.0,0.704,0.000,1.265,0.00,-1.0,0.0,0,1,1,0,0,-1,0.00,0.00
22.699,25.0,-2.6,0.704,0.000,1.265,0.00,-1.0,0.0,0,1,0,0,0,-1,0.00,0.00
22.766,25.0,-8.0,0.704,-0.004,1.266,-0.04,-1.0,0.0,0,1,0,0,0,-1,0.00,0.00
22.833,25.0,-13.3,0.704,-0.123,1.267,-2.43,-1.0,0.0,0,1,1,0,0,-1,0.00,0.00
22.899,25.0,-18.6,0.704,-0.270,1.267,-8.23,-1.0,0.0,0,1,1,0,0,-1,0.00,0.00
22.949,25.0,-22.6,0.704,-0.500,1.267,-18.71,-1.0,0.0,0,1,1,0,0,-1,0.00,0.00
22.999,25.0,-25.0,0.704,-0.643,1.268,-27.20,-1.0,0.0,0,1,1,0,0,-1,0.00,0.00
23.066,25.0,-25.0,0.704,-0.704,1.268,-42.16,-1.0,0.0,0,1,1,0,0,-1,0.00,0.00
23.132,25.0,-25.0,0.704,-0.704,1.268,-49.16,-1.0,0.0,0,1,1,0,0,-1,0.00,0.00
23.198,25.0,-25.0,0.704,-0.704,1.268,-53.85,-1.0,0.0,0,1,1,0,0,-1,0.00,0.00
23.249,25.0,-25.0,0.704,-0.704,1.268,-57.00,-1.0,0.0,0,1,1,0,0,-1,0.00,0.00
23.316,25.0,-25.0,0.704,-0.704,1.268,-59.11,-1.0,0.0,0,1,1,0,0,-1,0.00,0.00
23.384,25.0,-25.0,0.704,-0.704,1.268,-60.88,-1.0,0.0,0,1,1,0,0,-1,0.00,0.00
23.448,25.0,-25.0,0.704,-0.704,1.268,-61.71,-1.0,0.0,0,1,1,0,0,-1,0.00,0.00
23.499,25.0,-25.0,0.704,-0.704,1.268,-62.10,-1.0,0.0,0,1,1,0,0,-1,0.00,0.00
23.550,25.0,-25.0,0.704,-0.704,1.268,-62.53,-1.0,0.0,0,1,1,0,0,-1,0.00,0.00
23.617,25.0,-25.0,0.704,-0.704,1.268,-62.81,-1.0,0.0,0,1,1,0,0,-1,0.00,0.00
23.682,25.0,-25.0,0.704,-0.704,1.268,-63.05,-1.0,0.0,0,1,1,0,0,-1,0.00,0.00
23.753,25.0,-25.0,0.704,-0.704,1.268,-63.17,-1.0,0.0,0,1,1,0,0,-1,0.00,0.00
23.816,25.0,-25.0,0.704,-0.704,1.268,-63.24,-1.0,0.0,0,1,1,0,0,-1,0.00,0.00
23.882,25.0,-25.0,0.704,-0.704,1.268,-63.31,-1.0,0.0,0,1,1,0,0,-1,0.00,0.00
23.933,25.0,-25.0,0.704,-0.704,1.268,-63.33,-1.0,0.0,0,1,1,0,0,-1,0.00,0.00
23.998,25.0,-25.0,0.704,-0.704,1.268,-63.35,-1.0,0.0,0,1,1,0,0,-1,0.00,0.00
24.053,25.0,-25.0,0.704,-0.704,1.268,-63.36,-1.0,0.0,0,1,1,0,0,-1,0.00,0.00
24.116,25.0,-25.0,0.704,-0.704,1.268,-63.37,-1.0,0.0,0,1,1,0,0,-1,0.00,0.00
24.182,25.0,-25.0,0.704,-0.704,1.268,-63.38,-1.0,0.0,0,1,1,0,0,-1,0.00,0.00
24.233,25.0,-25.0,0.704,-0.704,1.268,-63.39,-1.0,0.0,0,1,1,0,0,-1,0.00,0.00
24.300,25.0,-25.0,0.704,-0.704,1.268,-63.39,-1.0,0.0,0,1,1,0,0,-1,0.00,0.00
24.351,25.0,-25.0,0.704,-0.704,1.268,-63.39,-1.0,0.0,0,1,1,0,0,-1,0.00,0.00
24.416,25.0,-25.0,0.704,-0.704,1.268,-63.39,-1.0,0.0,0,1,1,0,0,-1,0.00,0.00
24.482,25.0,-25.0,0.704,-0.704,1.268,-63.39,-1.0,0.0,0,1,1,0,0,-1,0.00,0.00
24.549,25.0,-25.0,0.704,-0.704,1.268,-63.39,-1.0,0.0,0,1,1,0,0,-1,0.00,0.00
24.602,25.0,-25.0,0.704,-0.704,1.268,-63.39,-1.0,0.0,0,1,1,0,0,-1,0.00,0.00
24.665,25.0,-25.0,0.704,-0.704,1.268,-63.39,-1.0,0.0,0,1,1,0,0,-1,0.00,0.00
24.716,25.0,-25.0,0.704,-0.704,1.268,-63.39,-1.0,0.0,0,1,1,0,0,-1,0.00,0.00
24.768,25.0,-25.0,0.704,-0.704,1.268,-63.39,-1.0,0.0,0,1,0,0,0,-1,0.00,0.00
24.832,25.0,-25.0,0.704,-0.704,1.268,-63.39,-1.0,0.0,0,1,0,0,0,-1,0.00,0.00
24.898,25.0,-25.0,0.704,-0.704,1.268,-63.40,-1.0,0.0,0,1,0,0,0,-1,0.00,0.00
24.950,25.0,-25.0,0.704,-0.704,1.268,-63.40,-1.0,0.0,0,1,0,0,0,-1,0.00,0.00
25.016,25.0,-25.0,0.704,-0.704,1.268,-63.40,-1.0,0.0,0,1,0,0,0,-1,0.00,0.00
25.082,25.0,-25.0,0.704,-0.704,1.268,-63.40,-1.0,0.0,0,1,0,0,0,-1,0.00,0.00
25.149,25.0,-21.0,0.704,-0.567,1.268,-61.06,-1.0,0.0,0,1,0,0,0,-1,0.00,0.00
25.216,23.6,-15.7,0.704,-0.312,1.268,-52.96,-1.0,0.0,0,1,0,0,0,-1,0.00,0.00
25.282,18.3,-10.3,0.431,-0.117,1.129,-37.65,-1.0,0.0,0,1,0,0,0,-1,0.00,0.00
25.332,14.3,-6.3,0.254,-0.018,0.983,-29.49,-1.0,0.0,0,1,0,0,0,-1,0.00,0.00
25.400,8.9,-1.0,0.114,0.000,0.751,-19.78,-1.0,0.0,0,1,0,0,0,-1,0.00,0.00
25.465,11.5,0.0,0.071,0.000,0.474,-11.60,-1.0,0.0,0,1,0,0,0,-1,0.00,0.00
25.516,15.5,-4.0,0.198,0.000,0.429,-8.89,-1.0,0.0,0,1,0,0,0,-1,0.00,0.00
25.582,20.8,-9.3,0.423,-0.024,0.507,-5.53,-1.0,0.0,0,1,0,0,0,-1,0.00,0.00
25.633,24.9,-13.4,0.622,-0.124,0.637,-6.47,-1.0,0.0,0,1,0,0,0,-1,0.00,0.00
25.735,25.0,-21.6,0.704,-0.218,0.943,-12.54,-1.0,0.0,0,1,0,0,0,-1,0.00,0.00
25.789,25.0,-25.0,0.704,-0.679,1.050,-26.49,-1.0,0.0,0,1,0,0,0,-1,0.00,0.00
25.840,25.0,-25.0,0.704,-0.704,1.101,-35.13,-1.0,0.0,0,1,0,0,0,-1,0.00,0.00
25.890,25.0,-25.0,0.704,-0.704,1.156,-44.45,-1.0,0.0,0,1,1,0,0,-1,0.00,0.00
25.956,25.0,-25.0,0.704,-0.704,1.193,-50.70,-1.0,0.0,0,1,1,0,0,-1,0.00,0.00
26.024,25.0,-25.0,0.704,-0.704,1.224,-55.94,-1.0,0.0,0,1,1,0,0,-1,0.00,0.00
26.090,25.0,-25.0,0.704,-0.704,1.238,-58.40,-1.0,0.0,0,1,1,0,0,-1,0.00,0.00
26.140,25.0,-25.0,0.704,-0.704,1.248,-60.05,-1.0,0.0,0,1,1,0,0,-1,0.00,0.00
26.205,25.0,-25.0,0.704,-0.704,1.255,-61.15,-1.0,0.0,0,1,1,0,0,-1,0.00,0.00
26.256,25.0,-25.0,0.704,-0.704,1.258,-61.68,-1.0,0.0,0,1,1,0,0,-1,0.00,0.00
26.322,25.0,-25.0,0.704,-0.704,1.262,-62.39,-1.0,0.0,0,1,1,0,0,-1,0.00,0.00
26.391,25.0,-25.0,0.704,-0.704,1.264,-62.72,-1.0,0.0,0,1,1,0,0,-1,0.00,0.00
26.456,25.0,-25.0,0.704,-0.704,1.265,-62.94,-1.0,0.0,0,1,1,0,0,-1,0.00,0.00
26.507,25.0,-25.0,0.704,-0.704,1.266,-63.09,-1.0,0.0,0,1,1,0,0,-1,0.00,0.00
26.571,25.0,-25.0,0.704,-0.704,1.267,-63.19,-1.0,0.0,0,1,1,0,0,-1,0.00,0.00
26.622,25.0,-25.0,0.704,-0.704,1.267,-63.26,-1.0,0.0,0,1,1,0,0,-1,0.00,0.00
26.673,25.0,-25.0,0.704,-0.704,1.267,-63.29,-1.0,0.0,0,1,1,0,0,-1,0.00,0.00
26.740,25.0,-25.0,0.704,-0.704,1.268,-63.33,-1.0,0.0,0,1,1,0,0,-1,0.00,0.00
26.809,25.0,-25.0,0.704,-0.704,1.268,-63.35,-1.0,0.0,0,1,0,0,0,-1,0.00,0.00
26.874,22.2,-25.0,0.635,-0.704,1.252,-63.37,-1.0,0.0,0,1,0,0,0,-1,0.00,0.00
26.939,17.0,-19.8,0.433,-0.572,1.130,-61.26,-1.0,0.0,0,1,0,0,0,-1,0.00,0.00
27.006,11.7,-14.5,0.159,-0.262,0.830,-48.52,-1.0,0.0,0,1,0,0,0,-1,0.00,0.00
27.056,7.7,-10.5,0.046,-0.121,0.669,-40.58,-1.0,0.0,0,1,0,0,0,-1,0.00,0.00
27.123,2.3,-5.1,0.000,-0.003,0.396,-25.05,-1.0,0.0,0,1,0,0,0,-1,0.00,0.00
27.189,0.0,0.0,0.000,0.000,0.265,-16.79,-1.0,0.0,0,1,0,0,0,-1,0.00,0.00
27.244,0.0,0.0,0.000,0.000,0.178,-11.26,-1.0,0.0,0,1,0,0,0,-1,0.00,0.00
27.306,0.0,0.0,0.000,0.000,0.119,-7.55,-1.0,0.0,0,1,0,0,0,-1,0.00,0.00
27.373,0.0,0.0,0.000,0.000,0.080,-5.06,-1.0,0.0,0,1,0,0,0,-1,0.00,0.00
27.439,0.0,0.0,0.000,0.000,0.054,-3.39,-1.0,0.0,0,1,0,0,0,-1,0.00,0.00
27.491,0.0,0.0,0.000,0.000,0.036,-2.27,-1.0,0.0,0,1,1,0,0,-1,0.00,0.00
27.557,0.0,0.0,0.000,0.000,0.024,-1.52,-1.0,0.0,0,1,1,0,0,-1,0.00,0.00
27.622,5.2,-2.7,0.000,0.000,0.014,-0.89,-1.0,0.0,0,1,1,0,0,-1,0.00,0.00
27.676,9.5,-7.0,0.021,0.000,0.016,-0.68,-1.0,0.0,0,1,0,0,0,-1,0.00,0.00
27.739,14.5,-12.0,0.129,-0.058,0.066,-1.42,-1.0,0.0,0,1,1,0,0,-1,0.00,0.00
27.790,18.6,-16.0,0.317,-0.216,0.204,-6.11,-1.0,0.0,0,1,1,0,0,-1,0.00,0.00
27.840,22.6,-20.0,0.439,-0.325,0.329,-10.99,-1.0,0.0,0,1,1,0,0,-1,0.00,0.00
27.905,25.0,-25.0,0.704,-0.649,0.687,-27.20,-1.0,0.0,0,1,0,0,0,-1,0.00,0.00
27.957,25.0,-25.0,0.704,-0.704,0.823,-35.67,-1.0,0.0,0,1,0,0,0,-1,0.00,0.00
28.022,25.0,-25.0,0.704,-0.704,1.007,-47.13,-1.0,0.0,0,1,0,0,0,-1,0.00,0.00
28.090,25.0,-25.0,0.704,-0.704,1.093,-52.49,-1.0,0.0,0,1,0,0,0,-1,0.00,0.00
28.156,25.0,-25.0,0.704,-0.704,1.151,-56.09,-1.0,0.0,0,1,0,0,0,-1,0.00,0.00
28.206,25.0,-25.0,0.704,-0.704,1.189,-58.50,-1.0,0.0,0,1,0,0,0,-1,0.00,0.00
28.273,25.0,-25.0,0.704,-0.704,1.215,-60.11,-1.0,0.0,0,1,0,0,0,-1,0.00,0.00
28.341,19.6,-25.0,0.497,-0.704,1.151,-61.47,-1.0,0.0,0,1,0,0,0,-1,0.00,0.00
28.406,14.4,-25.0,0.261,-0.704,0.956,-62.10,-1.0,0.0,0,1,0,0,0,-1,0.00,0.00
28.471,9.2,-25.0,0.079,-0.704,0.725,-62.53,-1.0,0.0,0,1,0,0,0,-1,0.00,0.00
28.523,5.1,-25.0,0.002,-0.704,0.499,-62.81,-1.0,0.0,0,1,0,0,0,-1,0.00,0.00
28.589,-0.3,-25.0,0.000,-0.704,0.334,-63.01,-1.0,0.0,0,1,0,0,0,-1,0.00,0.00
28.656,-5.6,-25.0,0.000,-0.704,0.224,-63.13,-1.0,0.0,0,1,0,0,0,-1,0.00,0.00
28.724,-11.1,-25.0,-0.058,-0.704,0.112,-63.24,-1.0,0.0,0,1,0,0,0,-1,0.00,0.00
28.790,-16.4,-25.0,-0.230,-0.704,-0.035,-63.29,-1.0,0.0,0,1,0,0,0,-1,0.00,0.00
28.856,-21.6,-25.0,-0.458,-0.704,-0.241,-63.33,-1.0,0.0,0,1,0,0,0,-1,0.00,0.00
28.906,-25.0,-25.0,-0.664,-0.704,-0.517,-63.35,-1.0,0.0,0,1,0,0,0,-1,0.00,0.00
28.972,-19.7,-25.0,-0.495,-0.704,-0.690,-63.36,-1.0,0.0,0,1,0,0,0,-1,0.00,0.00
29.023,-15.7,-25.0,-0.309,-0.704,-0.679,-63.37,-1.0,0.0,0,1,0,0,0,-1,0.00,0.00
29.088,-10.4,-25.0,-0.115,-0.704,-0.547,-63.38,-1.0,0.0,0,1,0,0,0,-1,0.00,0.00
29.140,-6.3,-25.0,-0.019,-0.704,-0.393,-63.39,-1.0,0.0,0,1,0,0,0,-1,0.00,0.00
29.206,-1.0,-25.0,0.000,-0.704,-0.264,-63.39,-1.0,0.0,0,1,0,0,0,-1,0.00,0.00
29.273,4.4,-25.0,0.000,-0.704,-0.177,-63.39,-1.0,0.0,0,1,0,0,0,-1,0.00,0.00
29.341,9.8,-25.0,0.029,-0.704,-0.096,-63.39,-1.0,0.0,0,1,0,0,0,-1,0.00,0.00
29.407,15.0,-25.0,0.180,-0.704,0.020,-63.39,-1.0,0.0,0,1,0,0,0,-1,0.00,0.00
29.474,20.4,-25.0,0.398,-0.704,0.208,-63.39,-1.0,0.0,0,1,0,0,0,-1,0.00,0.00
29.538,25.0,-25.0,0.590,-0.704,0.456,-63.39,-1.0,0.0,0,1,0,0,0,-1,0.00,0.00
29.591,25.0,-25.0,0.704,-0.704,0.724,-63.39,-1.0,0.0,0,1,0,0,0,-1,0.00,0.00
29.657,23.7,-25.0,0.704,-0.704,0.903,-63.39,-1.0,0.0,0,1,0,0,0,-1,0.00,0.00
29.723,18.4,-21.1,0.435,-0.567,0.917,-61.17,-1.0,0.0,0,1,0,0,0,-1,0.00,0.00
29.774,14.3,-16.9,0.260,-0.374,0.823,-55.33,-1.0,0.0,0,1,0,0,0,-1,0.00,0.00
29.841,9.0,-11.7,0.077,-0.158,0.580,-40.78,-1.0,0.0,0,1,0,0,0,-1,0.00,0.00
29.906,3.8,-6.4,0.000,-0.019,0.393,-28.72,-1.0,0.0,0,1,0,0,0,-1,0.00,0.00
29.973,0.0,-1.1,0.000,0.000,0.263,-19.27,-1.0,0.0,0,1,0,0,0,-1,0.00,0.00
30.023,0.0,0.0,0.000,0.000,0.177,-12.92,-1.0,0.0,0,1,0,0,0,-1,0.00,0.00
30.090,0.0,0.0,0.000,0.000,0.118,-8.66,-1.0,0.0,0,1,0,0,0,-1,0.00,0.00
30.156,0.0,0.0,0.000,0.000,0.079,-5.80,-1.0,0.0,0,1,0,0,0,-1,0.00,0.00
30.223,0.0,0.0,0.000,0.000,0.047,-3.40,-1.0,0.0,0,1,0,0,0,-1,0.00,0.00
30.289,0.0,0.0,0.000,0.000,0.031,-2.28,-1.0,0.0,0,1,0,0,0,-1,0.00,0.00
30.339,0.0,0.0,0.000,0.000,0.024,-1.75,-1.0,0.0,0,1,0,0,0,-1,0.00,0.00
30.406,0.0,0.0,0.000,0.000,0.014,-1.03,-1.0,0.0,0,1,0,0,0,-1,0.00,0.00
30.456,0.0,0.0,0.000,0.000,0.011,-0.79,-1.0,0.0,0,1,0,0,0,-1,0.00,0.00
30.507,0.0,0.0,0.000,0.000,0.007,-0.53,-1.0,0.0,0,1,0,0,0,-1,0.00,0.00
30.572,0.0,0.0,0.000,0.000,0.005,-0.35,-1.0,0.0,0,1,0,0,0,-1,0.00,0.00
30.623,0.0,0.0,0.000,0.000,0.003,-0.24,-1.0,0.0,0,1,0,0,0,-1,0.00,0.00
30.674,0.0,0.0,0.000,0.000,0.002,-0.18,-1.0,0.0,0,1,0,0,0,-1,0.00,0.00
30.739,0.0,0.0,0.000,0.000,0.002,-0.12,-1.0,0.0,0,1,0,0,0,-1,0.00,0.00
30.807,0.0,0.0,0.000,0.000,0.001,-0.07,-1.0,0.0,0,1,0,0,0,-1,0.00,0.00
30.872,0.0,0.0,0.000,0.000,0.001,-0.05,-1.0,0.0,0,1,0,0,0,-1,0.00,0.00
30.923,0.0,0.0,0.000,0.000,0.000,-0.03,-1.0,0.0,0,1,0,0,0,-1,0.00,0.00
30.973,0.0,0.0,0.000,0.000,0.000,-0.02,-1.0,0.0,0,1,0,0,0,-1,0.00,0.00
31.039,0.0,0.0,0.000,0.000,0.000,-0.02,-1.0,0.0,0,1,0,0,0,-1,0.00,0.00
31.089,0.0,0.0,0.000,0.000,0.000,-0.01,-1.0,0.0,0,1,0,0,0,-1,0.00,0.00
31.156,0.0,0.0,0.000,0.000,0.000,-0.01,-1.0,0.0,0,1,0,0,0,-1,0.00,0.00
31.224,0.0,0.0,0.000,0.000,0.000,0.00,-1.0,0.0,0,1,0,0,0,-1,0.00,0.00
31.289,0.0,0.0,0.000,0.000,0.000,0.00,-1.0,0.0,0,1,0,0,0,-1,0.00,0.00
31.356,0.0,0.0,0.000,0.000,0.000,0.00,-1.0,0.0,0,1,0,0,0,-1,0.00,0.00
31.406,0.0,0.0,0.000,0.000,0.000,0.00,-1.0,0.0,0,1,0,0,0,-1,0.00,0.00
31.457,0.0,0.0,0.000,0.000,0.000,0.00,-1.0,0.0,0,1,0,0,0,-1,0.00,0.00
31.522,0.0,0.0,0.000,0.000,0.000,0.00,-1.0,0.0,0,1,0,0,0,-1,0.00,0.00
31.573,0.0,0.0,0.000,0.000,0.000,0.00,-1.0,0.0,0,1,0,0,0,-1,0.00,0.00
31.623,0.0,0.0,0.000,0.000,0.000,0.00,-1.0,0.0,0,1,0,0,0,-1,0.00,0.00
31.674,0.0,0.0,0.000,0.000,0.000,0.00,-1.0,0.0,0,1,0,0,0,-1,0.00,0.00
31.740,0.0,0.0,0.000,0.000,0.000,0.00,-1.0,0.0,0,1,0,0,0,-1,0.00,0.00
31.806,0.0,0.0,0.000,0.000,0.000,0.00,-1.0,0.0,0,1,0,0,0,-1,0.00,0.00
31.872,0.0,0.0,0.000,0.000,0.000,0.00,-1.0,0.0,0,1,0,0,0,-1,0.00,0.00
31.923,0.0,0.0,0.000,0.000,0.000,0.00,-1.0,0.0,0,1,0,0,0,-1,0.00,0.00
31.989,0.0,0.0,0.000,0.000,0.000,0.00,-1.0,0.0,0,1,0,0,0,-1,0.00,0.00
32.039,0.0,0.0,0.000,0.000,0.000,0.00,-1.0,0.0,0,1,0,0,0,-1,0.00,0.00
32.108,0.0,0.0,0.000,0.000,0.000,0.00,-1.0,0.0,0,1,0,1,0,-1,1.00,0.00
32.170,0.0,0.0,0.000,0.000,0.000,0.00,-1.0,0.0,0,1,0,1,0,-1,1.00,0.00
32.220,0.0,0.0,0.000,0.000,0.000,0.00,-1.0,0.0,0,1,0,1,0,-1,1.00,0.00
32.287,0.0,0.0,0.000,0.000,0.000,0.00,-1.0,0.0,0,1,0,1,0,-1,1.00,0.00
32.337,0.0,0.0,0.000,0.000,0.000,0.00,-1.0,0.0,0,1,0,1,0,-1,1.00,0.00
32.403,0.0,0.0,0.000,0.000,0.000,0.00,-1.0,0.0,0,1,0,1,0,-1,1.00,0.00
32.470,0.0,0.0,0.000,0.000,0.000,0.00,-1.0,0.0,0,1,0,1,0,-1,1.00,0.00
32.520,0.0,0.0,0.000,0.000,0.000,0.00,-1.0,0.0,0,1,0,1,0,-1,1.00,0.00
32.586,0.0,0.0,0.000,0.000,0.000,0.00,-1.0,0.0,0,1,0,1,0,-1,1.00,0.00
32.637,0.0,0.0,0.000,0.000,0.000,0.00,-1.0,0.0,0,1,0,1,0,-1,1.00,0.00
32.687,0.0,0.0,0.000,0.000,0.000,0.00,-1.0,0.0,0,1,0,1,0,-1,1.00,0.00
32.737,0.0,0.0,0.000,0.000,0.000,0.00,-1.0,0.0,0,1,0,1,0,-1,1.00,0.00
32.803,0.0,0.0,0.000,0.000,0.000,0.00,-1.0,0.0,0,1,0,1,0,-1,1.00,0.00
32.853,0.0,0.0,0.000,0.000,0.000,0.00,-1.0,0.0,0,1,0,1,0,-1,1.00,0.00
32.920,0.0,0.0,0.000,0.000,0.000,0.00,-1.0,0.0,0,1,0,1,0,-1,1.00,0.00
32.970,0.0,0.0,0.000,0.000,0.000,0.00,-1.0,0.0,0,1,0,1,0,-1,1.00,0.00
33.021,0.0,0.0,0.000,0.000,0.000,0.00,-1.0,0.0,0,1,0,1,0,-1,1.00,0.00
33.086,0.0,0.0,0.000,0.000,0.000,0.00,-1.0,0.0,0,1,0,1,0,-1,1.00,0.00
33.137,0.0,0.0,0.000,0.000,0.000,0.00,-1.0,0.0,0,1,0,1,0,-1,1.00,0.00
33.204,0.0,0.0,0.000,0.000,0.000,0.00,-1.0,0.0,0,1,0,1,0,-1,1.00,0.00
33.270,0.0,0.0,0.000,0.000,0.000,0.00,-1.0,0.0,0,1,0,1,0,-1,1.00,0.00
33.320,0.0,0.0,0.000,0.000,0.000,0.00,-1.0,0.0,0,1,0,1,0,-1,1.00,0.00
33.387,0.0,0.0,0.000,0.000,0.000,0.00,-1.0,0.0,0,1,0,1,0,-1,1.00,0.00
33.453,0.0,0.0,0.000,0.000,0.000,0.00,-1.0,0.0,0,1,0,1,0,-1,1.00,0.00
33.503,0.0,0.0,0.000,0.000,0.000,0.00,-1.0,0.0,0,1,0,1,0,-1,1.00,0.00
33.553,0.0,0.0,0.000,0.000,0.000,0.00,-1.0,0.0,0,1,0,1,0,-1,1.00,0.00
33.604,0.0,0.0,0.000,0.000,0.000,0.00,-1.0,0.0,0,1,0,1,0,-1,1.00,0.00
33.670,0.0,0.0,0.000,0.000,0.000,0.00,-1.0,0.0,0,1,0,1,0,-1,1.00,0.00
33.736,0.0,0.0,0.000,0.000,0.000,0.00,-1.0,0.0,0,1,0,1,0,-1,1.00,0.00
33.810,0.0,0.0,0.000,0.000,0.000,0.00,-1.0,0.0,0,1,0,1,0,-1,1.00,1.00
33.877,0.0,0.0,0.000,0.000,0.000,0.00,-1.0,0.0,0,1,0,1,0,-1,1.00,1.00
33.927,0.0,0.0,0.000,0.000,0.000,0.00,-1.0,0.0,0,1,0,1,0,-1,1.00,1.00
33.978,0.0,0.0,0.000,0.000,0.000,0.00,-1.0,0.0,0,1,0,1,0,-1,1.00,1.00
34.044,0.0,0.0,0.000,0.000,0.000,0.00,-1.0,0.0,0,1,0,1,0,-1,1.00,1.00
34.110,0.0,0.0,0.000,0.000,0.000,0.00,-1.0,0.0,0,1,0,1,0,-1,1.00,1.00
34.161,0.0,0.0,0.000,0.000,0.000,0.00,-1.0,0.0,0,1,0,1,0,-1,1.00,1.00
34.227,0.0,0.0,0.000,0.000,0.000,0.00,-1.0,0.0,0,1,0,0,0,-1,0.00,1.00
34.277,0.0,0.0,0.000,0.000,0.000,0.00,-1.0,0.0,0,1,0,0,0,-1,0.00,1.00
34.344,0.0,0.0,0.000,0.000,0.000,0.00,-1.0,0.0,0,1,0,0,0,-1,0.00,1.00
34.411,0.0,0.0,0.000,0.000,0.000,0.00,-1.0,0.0,0,1,0,0,0,-1,0.00,-1.00
34.478,0.0,0.0,0.000,0.000,0.000,0.00,-1.0,0.0,0,1,0,0,0,-1,0.00,-1.00
34.528,0.0,0.0,0.000,0.000,0.000,0.00,-1.0,0.0,0,1,0,0,0,-1,0.00,-1.00
34.594,0.0,0.0,0.000,0.000,0.000,0.00,-1.0,0.0,0,1,0,0,0,-1,0.00,-1.00
34.645,0.0,0.0,0.000,0.000,0.000,0.00,-1.0,0.0,0,1,0,0,0,-1,0.00,-1.00
34.710,0.0,0.0,0.000,0.000,0.000,0.00,-1.0,0.0,0,1,0,0,0,-1,0.00,-1.00
34.760,0.0,0.0,0.000,0.000,0.000,0.00,-1.0,0.0,0,1,0,0,0,-1,0.00,-1.00
34.814,0.0,0.0,0.000,0.000,0.000,0.00,-1.0,0.0,0,1,0,1,0,-1,1.00,-1.00
34.878,0.0,0.0,0.000,0.000,0.000,0.00,-1.0,0.0,0,1,0,1,0,-1,1.00,0.00
34.943,0.0,0.0,0.000,0.000,0.000,0.00,-1.0,0.0,0,1,0,1,0,-1,1.00,0.00
34.994,0.0,0.0,0.000,0.000,0.000,0.00,-1.0,0.0,0,1,0,1,0,-1,1.00,1.00
35.044,0.0,0.0,0.000,0.000,0.000,0.00,-1.0,0.0,0,1,0,1,0,-1,1.00,1.00
35.095,0.0,0.0,0.000,0.000,0.000,0.00,-1.0,0.0,0,1,0,1,0,-1,1.00,1.00
35.161,0.0,0.0,0.000,0.000,0.000,0.00,-1.0,0.0,0,1,0,1,0,-1,1.00,1.00
35.211,0.0,0.0,0.000,0.000,0.000,0.00,-1.0,0.0,0,1,0,1,0,-1,1.00,1.00
35.277,0.0,0.0,0.000,0.000,0.000,0.00,-1.0,0.0,0,1,0,1,0,-1,1.00,1.00
35.330,0.0,0.0,0.000,0.000,0.000,0.00,-1.0,0.0,0,1,0,1,0,-1,1.00,1.00
35.393,0.0,0.0,0.000,0.000,0.000,0.00,-1.0,0.0,0,1,0,1,0,-1,1.00,0.00
35.443,0.0,0.0,0.000,0.000,0.000,0.00,-1.0,0.0,0,1,0,1,0,-1,1.00,0.00
35.494,0.0,0.0,0.000,0.000,0.000,0.00,-1.0,0.0,0,1,0,1,0,-1,1.00,0.00
35.561,0.0,0.0,0.000,0.000,0.000,0.00,-1.0,0.0,0,1,0,1,0,-1,1.00,-1.00
35.627,0.0,0.0,0.000,0.000,0.000,0.00,-1.0,0.0,0,1,0,1,0,-1,1.00,-1.00
35.677,0.0,0.0,0.000,0.000,0.000,0.00,-1.0,0.0,0,1,0,1,0,-1,1.00,-1.00
35.728,0.0,0.0,0.000,0.000,0.000,0.00,-1.0,0.0,0,1,0,1,0,-1,1.00,-1.00
35.795,0.0,0.0,0.000,0.000,0.000,0.00,-1.0,0.0,0,1,0,1,0,-1,1.00,-1.00
35.861,0.0,0.0,0.000,0.000,0.000,0.00,-1.0,0.0,0,1,0,1,0,-1,1.00,-1.00
35.929,0.0,0.0,0.000,0.000,0.000,0.00,-1.0,0.0,0,1,0,1,0,-1,1.00,1.00
35.979,0.0,0.0,0.000,0.000,0.000,0.00,-1.0,0.0,0,1,0,1,0,-1,1.00,1.00
36.045,0.0,0.0,0.000,0.000,0.000,0.00,-1.0,0.0,0,1,0,1,0,-1,1.00,1.00
36.110,0.0,0.0,0.000,0.000,0.000,0.00,-1.0,0.0,0,1,0,1,0,-1,1.00,1.00
36.161,0.0,0.0,0.000,0.000,0.000,0.00,-1.0,0.0,0,1,0,1,0,-1,1.00,1.00
36.227,0.0,0.0,0.000,0.000,0.000,0.00,-1.0,0.0,0,1,0,1,0,-1,1.00,1.00
36.295,0.0,0.0,0.000,0.000,0.000,0.00,-1.0,0.0,0,1,0,1,0,-1,1.00,1.00
36.346,0.0,0.0,0.000,0.000,0.000,0.00,-1.0,0.0,0,1,0,1,0,-1,1.00,1.00
36.411,0.0,0.0,0.000,0.000,0.000,0.00,-1.0,0.0,0,1,0,1,0,-1,1.00,0.00
36.478,0.0,0.0,0.000,0.000,0.000,0.00,-1.0,0.0,0,1,0,1,0,-1,1.00,0.00
36.543,0.0,-1.3,0.000,0.000,0.000,0.00,-1.0,0.0,0,1,0,1,0,-1,1.00,0.00
36.593,0.0,-5.3,0.000,0.000,0.000,0.00,-1.0,0.0,0,1,0,1,0,-1,1.00,0.00
36.660,0.0,-10.7,0.000,-0.052,0.000,-0.88,-1.0,0.0,0,1,0,1,0,-1,1.00,0.00
36.711,0.0,-14.8,0.000,-0.172,0.000,-3.85,-1.0,0.0,0,1,0,1,0,-1,1.00,0.00
36.761,0.0,-18.8,0.000,-0.341,0.000,-10.97,-1.0,0.0,0,1,0,1,0,-1,1.00,0.00
36.826,0.0,-23.9,0.000,-0.579,0.000,-22.74,-1.0,0.0,0,1,0,1,0,-1,1.00,0.00
36.877,0.0,-25.0,0.000,-0.704,0.000,-31.68,-1.0,0.0,0,1,0,1,0,-1,1.00,0.00
36.927,0.0,-25.0,0.000,-0.704,0.000,-42.14,-1.0,0.0,0,1,0,1,0,-1,1.00,-1.00
36.978,0.0,-25.0,0.000,-0.704,0.000,-47.11,-1.0,0.0,0,1,0,1,0,-1,1.00,-1.00
37.044,0.0,-25.0,0.000,-0.704,0.000,-53.84,-1.0,0.0,0,1,0,1,0,-1,1.00,-1.00
37.110,0.0,-25.0,0.000,-0.704,0.000,-56.99,-1.0,0.0,0,1,0,1,0,-1,1.00,-1.00
37.160,0.0,-25.0,0.000,-0.704,0.000,-59.10,-1.0,0.0,0,1,0,1,0,-1,1.00,-1.00
37.211,0.0,-22.4,0.000,-0.629,0.000,-59.26,-1.0,0.0,0,1,0,1,0,-1,1.00,-1.00
37.261,0.0,-18.4,0.000,-0.435,0.000,-54.41,-1.0,0.0,0,1,0,1,0,-1,1.00,1.00
37.327,0.0,-13.1,0.000,-0.209,0.000,-44.12,-1.0,0.0,0,1,0,1,0,-1,1.00,1.00
37.377,0.0,-9.1,0.000,-0.121,0.000,-36.75,-1.0,0.0,0,1,0,1,0,-1,1.00,1.00
37.443,0.0,-3.9,0.000,-0.003,0.000,-22.15,-1.0,0.0,0,1,0,1,0,-1,1.00,1.00
37.494,0.0,0.0,0.000,0.000,0.000,-16.97,-1.0,0.0,0,1,0,1,0,-1,1.00,0.00
37.559,0.0,0.0,0.000,0.000,0.000,-11.37,-1.0,0.0,0,1,0,1,0,-1,1.00,0.00
37.609,0.0,0.0,0.000,0.000,0.000,-7.62,-1.0,0.0,0,1,0,1,0,-1,1.00,0.00
37.660,0.0,0.0,0.000,0.000,0.000,-5.84,-1.0,0.0,0,1,0,1,0,-1,1.00,0.00
37.710,0.0,0.0,0.000,0.000,0.000,-3.91,-1.0,0.0,0,1,0,1,0,-1,1.00,0.00
37.776,0.0,0.0,0.000,0.000,0.000,-2.62,-1.0,0.0,0,1,0,1,0,-1,1.00,0.00
37.827,0.0,0.0,0.000,0.000,0.000,-1.76,-1.0,0.0,0,1,0,0,0,-1,0.00,0.00
37.893,0.0,0.0,0.000,0.000,0.000,-1.18,-1.0,0.0,0,1,0,0,0,-1,0.00,0.00
37.961,0.0,0.0,0.000,0.000,0.000,-0.69,-1.0,0.0,0,1,0,0,0,-1,0.00,0.00
38.026,0.0,0.0,0.000,0.000,0.000,-0.46,-1.0,0.0,0,1,0,0,0,-1,0.00,0.00
38.077,0.0,0.0,0.000,0.000,0.000,-0.36,-1.0,0.0,0,1,0,0,0,-1,0.00,0.00
38.142,0.0,0.0,0.000,0.000,0.000,-0.21,-1.0,0.0,0,1,0,0,0,-1,0.00,0.00
38.193,0.0,0.0,0.000,0.000,0.000,-0.16,-1.0,0.0,0,1,0,0,0,-1,0.00,0.00
38.243,0.0,0.0,0.000,0.000,0.000,-0.11,-1.0,0.0,0,1,0,0,0,-1,0.00,0.00
38.310,0.0,0.0,0.000,0.000,0.000,-0.07,-1.0,0.0,0,1,0,0,0,-1,0.00,0.00
38.377,0.0,0.0,0.000,0.000,0.000,-0.05,-1.0,0.0,0,1,0,0,0,-1,0.00,0.00
38.442,0.0,0.0,0.000,0.000,0.000,-0.03,-1.0,0.0,0,1,0,0,0,-1,0.00,0.00
38.494,0.0,0.0,0.000,0.000,0.000,-0.02,-1.0,0.0,0,1,0,0,0,-1,0.00,0.00
38.561,4.1,0.0,0.000,0.000,0.000,-0.01,-1.0,0.0,0,1,0,0,0,-1,0.00,0.00
38.626,9.3,0.0,0.025,0.000,0.007,-0.01,-1.0,0.0,0,1,0,0,0,-1,0.00,0.00
38.679,13.6,1.6,0.125,0.000,0.043,-0.01,-1.0,0.0,0,1,0,0,0,-1,0.00,0.00
38.742,18.6,6.6,0.328,0.000,0.216,0.00,-1.0,0.0,0,1,0,0,0,-1,0.00,0.00
38.792,22.6,10.6,0.509,0.051,0.367,0.81,-1.0,0.0,0,1,0,0,0,-1,0.00,0.00
38.843,25.0,14.7,0.704,0.169,0.632,4.42,-1.0,0.0,0,1,0,0,0,-1,0.00,0.00
38.909,25.0,20.0,0.704,0.386,0.842,12.81,-1.0,0.0,0,1,0,0,0,-1,0.00,0.00
38.960,25.0,24.1,0.704,0.509,0.942,19.90,-1.0,0.0,0,1,0,0,0,-1,0.00,0.00
39.026,25.0,21.0,0.704,0.560,1.076,35.12,-1.0,0.0,0,1,0,0,0,-1,0.00,0.00
39.093,25.0,15.6,0.704,0.311,1.140,34.89,-1.0,0.0,0,1,0,0,0,-1,0.00,0.00
39.143,23.5,11.6,0.704,0.161,1.182,29.38,-1.0,0.0,0,1,0,0,0,-1,0.00,0.00
39.210,18.2,6.3,0.423,0.018,1.077,20.93,-1.0,0.0,0,1,0,0,0,-1,0.00,0.00
39.277,12.8,0.9,0.201,0.000,0.889,14.04,-1.0,0.0,0,1,0,0,0,-1,0.00,0.00
39.343,7.5,0.0,0.040,0.000,0.587,8.24,-1.0,0.0,0,1,0,0,0,-1,0.00,0.00
39.394,3.5,0.0,0.000,0.000,0.449,6.31,-1.0,0.0,0,1,0,0,0,-1,0.00,0.00
39.460,0.0,0.0,0.000,0.000,0.301,4.23,-1.0,0.0,0,1,0,0,0,-1,0.00,0.00
39.511,0.0,0.0,0.000,0.000,0.202,2.83,-1.0,0.0,0,1,0,0,0,-1,0.00,0.00
39.576,0.0,0.0,0.000,0.000,0.135,1.90,-1.0,0.0,0,1,0,0,0,-1,0.00,0.00
39.627,0.0,0.0,0.000,0.000,0.091,1.27,-1.0,0.0,0,1,0,0,0,-1,0.00,0.00
39.693,0.0,1.4,0.000,0.000,0.061,0.85,-1.0,0.0,0,1,0,0,0,-1,0.00,0.00
39.743,0.0,5.4,0.000,0.000,0.041,0.57,-1.0,0.0,0,1,0,0,0,-1,0.00,0.00
39.809,5.3,5.5,0.000,0.006,0.027,0.74,-1.0,0.0,0,1,0,0,0,-1,0.00,0.00
39.859,9.3,1.5,0.005,0.000,0.022,0.57,-1.0,0.0,0,1,0,0,0,-1,0.00,0.00
39.926,14.7,0.0,0.164,0.000,0.097,0.33,-1.0,0.0,0,1,0,0,0,-1,0.00,0.00
39.992,19.9,0.0,0.382,0.000,0.241,0.22,-1.0,0.0,0,1,0,0,0,-1,0.00,0.00
40.060,25.0,0.0,0.580,0.000,0.469,0.15,-1.0,0.0,0,1,0,0,0,-1,0.00,0.00
40.126,25.0,0.0,0.704,0.000,0.799,0.09,-1.0,0.0,0,1,0,0,0,-1,0.00,0.00
40.180,25.0,0.0,0.704,0.000,0.909,0.07,-1.0,0.0,0,1,0,0,0,-1,0.00,0.00
40.243,25.0,0.0,0.704,0.000,1.057,0.04,-1.0,0.0,0,1,0,0,0,-1,0.00,0.00
40.296,25.0,0.0,0.704,0.000,1.107,0.03,-1.0,0.0,0,1,0,0,0,-1,0.00,0.00
40.359,25.0,0.0,0.704,0.000,1.160,0.02,-1.0,0.0,0,1,0,0,0,-1,0.00,0.00
40.411,25.0,0.0,0.704,0.000,1.195,0.01,-1.0,0.0,0,1,0,0,0,-1,0.00,0.00
40.476,25.0,0.0,0.704,0.000,1.219,0.01,-1.0,0.0,0,1,0,0,0,-1,0.00,0.00
40.542,25.0,-5.3,0.704,0.000,1.239,0.01,-1.0,0.0,0,1,0,0,0,-1,0.00,0.00
40.609,25.0,-10.6,0.704,-0.050,1.249,-0.80,-1.0,0.0,0,1,0,0,0,-1,0.00,0.00
40.659,25.0,-14.6,0.704,-0.125,1.253,-2.84,-1.0,0.0,0,1,0,0,0,-1,0.00,0.00
40.726,25.0,-19.9,0.704,-0.377,1.259,-12.99,-1.0,0.0,0,1,0,0,0,-1,0.00,0.00
40.776,25.0,-24.0,0.704,-0.512,1.261,-20.05,-1.0,0.0,0,1,0,0,0,-1,0.00,0.00
40.842,25.0,-25.0,0.704,-0.704,1.264,-37.56,-1.0,0.0,0,1,0,0,0,-1,0.00,0.00
40.893,25.0,-25.0,0.704,-0.704,1.265,-43.60,-1.0,0.0,0,1,0,0,0,-1,0.00,0.00
40.945,25.0,-25.0,0.704,-0.704,1.266,-50.13,-1.0,0.0,0,1,0,0,0,-1,0.00,0.00
41.008,25.0,-25.0,0.704,-0.704,1.267,-54.50,-1.0,0.0,0,1,0,0,0,-1,0.00,0.00
41.059,25.0,-25.0,0.704,-0.704,1.267,-56.58,-1.0,0.0,0,1,0,0,0,-1,0.00,0.00
41.110,25.0,-25.0,0.704,-0.704,1.267,-58.83,-1.0,0.0,0,1,0,0,0,-1,0.00,0.00
41.176,25.0,-25.0,0.704,-0.704,1.267,-60.33,-1.0,0.0,0,1,0,0,0,-1,0.00,0.00
41.226,25.0,-25.0,0.704,-0.704,1.268,-61.34,-1.0,0.0,0,1,0,0,0,-1,0.00,0.00
41.292,25.0,-25.0,0.704,-0.704,1.268,-62.02,-1.0,0.0,0,1,0,0,0,-1,0.00,0.00
41.343,25.0,-25.0,0.704,-0.704,1.268,-62.47,-1.0,0.0,0,1,0,0,0,-1,0.00,0.00
41.409,25.0,-25.0,0.704,-0.704,1.268,-62.78,-1.0,0.0,0,1,0,0,0,-1,0.00,0.00
41.460,25.0,-25.0,0.704,-0.704,1.268,-62.98,-1.0,0.0,0,1,0,0,0,-1,0.00,0.00
41.511,25.0,-25.0,0.704,-0.704,1.268,-63.08,-1.0,0.0,0,1,0,0,0,-1,0.00,0.00
41.576,25.0,-25.0,0.704,-0.704,1.268,-63.18,-1.0,0.0,0,1,0,0,0,-1,0.00,0.00
41.627,25.0,-25.0,0.704,-0.704,1.268,-63.25,-1.0,0.0,0,1,0,0,0,-1,0.00,0.00
41.696,25.0,-25.0,0.704,-0.704,1.268,-63.30,-1.0,0.0,0,1,0,0,0,-1,0.00,0.00
41.760,25.0,-25.0,0.704,-0.704,1.268,-63.33,-1.0,0.0,0,1,0,0,0,-1,0.00,0.00
41.826,25.0,-25.0,0.704,-0.704,1.268,-63.36,-1.0,0.0,0,1,0,0,0,-1,0.00,0.00
41.877,25.0,-25.0,0.704,-0.704,1.268,-63.37,-1.0,0.0,0,1,0,0,0,-1,0.00,0.00
41.928,25.0,-25.0,0.704,-0.704,1.268,-63.38,-1.0,0.0,0,1,0,0,0,-1,0.00,0.00
41.992,25.0,-25.0,0.704,-0.704,1.268,-63.38,-1.0,0.0,0,1,0,0,0,-1,0.00,0.00
42.042,25.0,-25.0,0.704,-0.704,1.268,-63.39,-1.0,0.0,0,1,0,0,0,-1,0.00,0.00
42.110,25.0,-25.0,0.704,-0.704,1.268,-63.39,-1.0,0.0,0,1,0,0,0,-1,0.00,0.00
42.161,25.0,-25.0,0.704,-0.704,1.268,-63.39,-1.0,0.0,0,1,0,0,0,-1,0.00,0.00
42.225,25.0,-25.0,0.704,-0.704,1.268,-63.39,-1.0,0.0,0,1,0,0,0,-1,0.00,0.00
42.276,25.0,-25.0,0.704,-0.704,1.268,-63.39,-1.0,0.0,0,1,0,0,0,-1,0.00,0.00
42.329,25.0,-25.0,0.704,-0.704,1.268,-63.39,-1.0,0.0,0,1,0,0,0,-1,0.00,0.00
42.393,25.0,-25.0,0.704,-0.704,1.268,-63.39,-1.0,0.0,0,1,0,0,0,-1,0.00,0.00
42.460,25.0,-25.0,0.704,-0.704,1.268,-63.39,-1.0,0.0,0,1,0,0,0,-1,0.00,0.00
42.528,25.0,-25.0,0.704,-0.704,1.268,-63.39,-1.0,0.0,0,1,0,0,0,-1,0.00,0.00
42.594,25.0,-25.0,0.704,-0.704,1.268,-63.39,-1.0,0.0,0,1,0,0,0,-1,0.00,0.00
42.660,25.0,-25.0,0.704,-0.704,1.268,-63.40,-1.0,0.0,0,1,0,0,0,-1,0.00,0.00
42.726,25.0,-25.0,0.704,-0.704,1.268,-63.40,-1.0,0.0,0,1,0,0,0,-1,0.00,0.00
42.794,25.0,-25.0,0.704,-0.704,1.268,-63.40,-1.0,0.0,0,1,0,0,0,-1,0.00,0.00
42.860,25.0,-25.0,0.704,-0.704,1.268,-63.40,-1.0,0.0,0,1,0,0,0,-1,0.00,0.00
42.910,25.0,-25.0,0.704,-0.704,1.268,-63.40,-1.0,0.0,0,1,0,0,0,-1,0.00,0.00
42.976,25.0,-25.0,0.704,-0.704,1.268,-63.40,-1.0,0.0,0,1,0,0,0,-1,0.00,0.00
43.029,25.0,-25.0,0.704,-0.704,1.268,-63.40,-1.0,0.0,0,1,0,0,0,-1,0.00,0.00
43.093,25.0,-25.0,0.704,-0.704,1.268,-63.40,-1.0,0.0,0,1,0,0,0,-1,0.00,0.00
43.160,25.0,-25.0,0.704,-0.704,1.268,-63.40,-1.0,0.0,0,1,0,0,0,-1,0.00,0.00
43.214,25.0,-25.0,0.704,-0.704,1.268,-63.40,-1.0,0.0,0,1,0,0,0,-1,0.00,0.00
43.276,25.0,-25.0,0.704,-0.704,1.268,-63.40,-1.0,0.0,0,1,0,0,0,-1,0.00,0.00
43.342,25.0,-25.0,0.704,-0.704,1.268,-63.40,-1.0,0.0,0,1,0,0,0,-1,0.00,0.00
43.395,25.0,-25.0,0.704,-0.704,1.268,-63.40,-1.0,0.0,0,1,0,0,0,-1,0.00,0.00
43.460,25.0,-25.0,0.704,-0.704,1.268,-63.40,-1.0,0.0,0,1,0,0,0,-1,0.00,0.00
43.513,25.0,-25.0,0.704,-0.704,1.268,-63.40,-1.0,0.0,0,1,0,0,0,-1,0.00,0.00
43.574,25.0,-23.7,0.704,-0.704,1.268,-63.40,-1.0,0.0,0,1,0,0,0,-1,0.00,0.00
43.626,25.0,-19.6,0.704,-0.483,1.268,-58.82,-1.0,0.0,0,1,0,0,0,-1,0.00,0.00
43.693,22.4,-14.2,0.638,-0.253,1.253,-49.48,-1.0,0.0,0,1,0,0,0,-1,0.00,0.00
43.744,18.4,-10.2,0.428,-0.108,1.131,-37.59,-1.0,0.0,0,1,0,0,0,-1,0.00,0.00
43.809,13.1,-4.9,0.207,-0.001,0.920,-26.00,-1.0,0.0,0,1,0,0,0,-1,0.00,0.00
43.861,9.0,-0.8,0.079,0.000,0.686,-17.43,-1.0,0.0,0,1,0,0,0,-1,0.00,0.00
43.927,9.2,0.0,0.020,0.000,0.468,-11.68,-1.0,0.0,0,1,0,0,0,-1,0.00,0.00
43.979,13.3,0.0,0.119,0.000,0.395,-8.95,-1.0,0.0,0,1,0,0,0,-1,0.00,0.00
44.043,18.4,0.0,0.314,0.000,0.415,-5.25,-1.0,0.0,0,1,0,0,0,-1,0.00,0.00
44.093,22.5,0.0,0.497,0.000,0.515,-4.02,-1.0,0.0,0,1,0,0,0,-1,0.00,0.00
44.164,25.0,0.0,0.704,0.000,0.795,-2.36,-1.0,0.0,0,1,0,0,0,-1,0.00,0.00
44.226,25.0,0.0,0.704,0.000,0.951,-1.58,-1.0,0.0,0,1,0,0,0,-1,0.00,0.00
44.276,25.0,0.0,0.704,0.000,1.025,-1.21,-1.0,0.0,0,1,0,0,0,-1,0.00,0.00
44.327,23.6,0.0,0.704,0.000,1.105,-0.81,-1.0,0.0,0,1,0,0,0,-1,0.00,0.00
44.393,18.2,-1.4,0.429,0.000,1.041,-0.54,-1.0,0.0,0,1,0,0,0,-1,0.00,0.00
44.461,18.4,-6.8,0.308,0.000,0.838,-0.32,-1.0,0.0,0,1,0,0,0,-1,0.00,0.00
44.528,23.9,-12.2,0.562,-0.087,0.859,-1.93,-1.0,0.0,0,1,0,0,0,-1,0.00,0.00
44.595,25.0,-9.3,0.704,-0.089,0.983,-5.12,-1.0,0.0,0,1,0,0,0,-1,0.00,0.00
44.659,25.0,-4.1,0.704,-0.006,1.077,-4.20,-1.0,0.0,0,1,0,0,0,-1,0.00,0.00
44.726,19.7,0.0,0.496,0.000,1.068,-2.46,-1.0,0.0,0,1,0,0,0,-1,0.00,0.00
44.777,15.6,0.0,0.311,0.000,0.973,-1.89,-1.0,0.0,0,1,0,0,0,-1,0.00,0.00
44.827,11.6,0.0,0.156,0.000,0.770,-1.26,-1.0,0.0,0,1,0,0,0,-1,0.00,0.00
44.877,7.6,0.0,0.045,0.000,0.622,-0.97,-1.0,0.0,0,1,0,0,0,-1,0.00,0.00
44.943,2.3,0.0,0.000,0.000,0.368,-0.57,-1.0,0.0,0,1,0,0,0,-1,0.00,0.00
45.010,0.0,0.0,0.000,0.000,0.246,-0.38,-1.0,0.0,0,1,0,0,0,-1,0.00,0.00
45.061,0.0,0.0,0.000,0.000,0.165,-0.26,-1.0,0.0,0,1,0,0,0,-1,0.00,0.00
45.126,0.0,0.0,0.000,0.000,0.111,-0.17,-1.0,0.0,0,1,0,0,0,-1,0.00,0.00
45.193,0.0,0.0,0.000,0.000,0.074,-0.11,-1.0,0.0,0,1,0,0,0,-1,0.00,0.00
45.243,0.0,0.0,0.000,0.000,0.050,-0.08,-1.0,0.0,0,1,0,0,0,-1,0.00,0.00
45.294,0.0,0.0,0.000,0.000,0.038,-0.06,-1.0,0.0,0,1,0,0,0,-1,0.00,0.00
45.360,0.0,0.0,0.000,0.000,0.022,-0.03,-1.0,0.0,0,1,0,0,0,-1,0.00,0.00
45.410,0.0,0.0,0.000,0.000,0.017,-0.03,-1.0,0.0,0,1,0,0,0,-1,0.00,0.00
45.478,0.0,0.0,0.000,0.000,0.011,-0.02,-1.0,0.0,0,1,0,0,0,-1,0.00,0.00
45.546,0.0,0.0,0.000,0.000,0.007,-0.01,-1.0,0.0,0,1,0,0,0,-1,0.00,0.00
45.609,0.0,0.0,0.000,0.000,0.005,-0.01,-1.0,0.0,0,1,0,0,0,-1,0.00,0.00
45.660,0.0,0.0,0.000,0.000,0.003,-0.01,-1.0,0.0,0,1,0,0,0,-1,0.00,0.00
45.710,0.0,0.0,0.000,0.000,0.002,0.00,-1.0,0.0,0,1,0,0,0,-1,0.00,0.00
45.762,0.0,0.0,0.000,0.000,0.002,0.00,-1.0,0.0,0,1,0,0,0,-1,0.00,0.00
45.826,0.0,0.0,0.000,0.000,0.001,0.00,-1.0,0.0,0,1,0,0,0,-1,0.00,0.00
45.876,0.0,0.0,0.000,0.000,0.001,0.00,-1.0,0.0,0,1,0,0,0,-1,0.00,0.00
45.943,0.0,0.0,0.000,0.000,0.000,0.00,-1.0,0.0,0,1,0,0,0,-1,0.00,0.00
45.995,0.0,0.0,0.000,0.000,0.000,0.00,-1.0,0.0,0,1,0,0,0,-1,0.00,0.00
46.059,0.0,0.0,0.000,0.000,0.000,0.00,-1.0,0.0,0,1,1,0,0,-1,0.00,0.00
46.129,0.0,0.0,0.000,0.000,0.000,0.00,-1.0,0.0,0,1,1,0,0,-1,0.00,0.00
46.192,0.0,0.0,0.000,0.000,0.000,0.00,-1.0,0.0,0,1,1,0,0,-1,0.00,0.00
46.242,0.0,0.0,0.000,0.000,0.000,0.00,-1.0,0.0,0,1,1,0,0,-1,0.00,0.00
46.309,2.4,0.0,0.000,0.000,0.000,0.00,-1.0,0.0,0,1,1,0,0,-1,0.00,0.00
46.360,6.5,0.0,0.000,0.000,0.000,0.00,-1.0,0.0,0,1,1,0,0,-1,0.00,0.00
46.412,10.6,0.0,0.047,0.000,0.015,0.00,-1.0,0.0,0,1,1,0,0,-1,0.00,0.00
46.477,15.9,0.0,0.164,0.000,0.085,0.00,-1.0,0.0,0,1,1,0,0,-1,0.00,0.00
46.543,21.1,0.0,0.437,0.000,0.318,0.00,-1.0,0.0,0,1,1,0,0,-1,0.00,0.00
46.593,25.0,0.0,0.641,0.000,0.499,0.00,-1.0,0.0,0,1,1,0,0,-1,0.00,0.00
46.643,25.0,0.0,0.704,0.000,0.752,0.00,-1.0,0.0,0,1,1,0,0,-1,0.00,0.00
46.693,25.0,0.0,0.704,0.000,0.873,0.00,-1.0,0.0,0,1,1,0,0,-1,0.00,0.00
46.744,25.0,0.0,0.704,0.000,1.003,0.00,-1.0,0.0,0,1,1,0,0,-1,0.00,0.00
46.809,25.0,0.0,0.704,0.000,1.091,0.00,-1.0,0.0,0,1,1,0,0,-1,0.00,0.00
46.861,25.0,0.0,0.704,0.000,1.149,0.00,-1.0,0.0,0,1,1,0,0,-1,0.00,0.00
46.928,25.0,0.0,0.704,0.000,1.188,0.00,-1.0,0.0,0,1,1,0,0,-1,0.00,0.00
46.980,25.0,0.0,0.704,0.000,1.207,0.00,-1.0,0.0,0,1,1,0,0,-1,0.00,0.00
47.043,25.0,0.0,0.704,0.000,1.232,0.00,-1.0,0.0,0,1,1,0,0,-1,0.00,0.00
47.109,25.0,0.0,0.704,0.000,1.244,0.00,-1.0,0.0,0,1,1,0,0,-1,0.00,0.00
47.160,25.0,0.0,0.704,0.000,1.252,0.00,-1.0,0.0,0,1,1,0,0,-1,0.00,0.00
47.211,25.0,0.0,0.704,0.000,1.256,0.00,-1.0,0.0,0,1,1,0,0,-1,0.00,0.00
47.275,25.0,0.0,0.704,0.000,1.260,0.00,-1.0,0.0,0,1,1,0,0,-1,0.00,0.00
47.343,25.0,0.0,0.704,0.000,1.263,0.00,-1.0,0.0,0,1,1,0,0,-1,0.00,0.00
47.393,25.0,0.0,0.704,0.000,1.264,0.00,-1.0,0.0,0,1,1,0,0,-1,0.00,0.00
47.461,25.0,0.0,0.704,0.000,1.266,0.00,-1.0,0.0,0,1,1,0,0,-1,0.00,0.00
47.527,25.0,0.0,0.704,0.000,1.266,0.00,-1.0,0.0,0,1,1,0,0,-1,0.00,0.00
47.577,25.0,0.0,0.704,0.000,1.267,0.00,-1.0,0.0,0,1,1,0,0,-1,0.00,0.00
47.642,25.0,0.0,0.704,0.000,1.267,0.00,-1.0,0.0,0,1,1,0,0,-1,0.00,0.00
47.693,25.0,0.0,0.704,0.000,1.267,0.00,-1.0,0.0,0,1,1,0,0,-1,0.00,0.00
47.744,25.0,0.0,0.704,0.000,1.268,0.00,-1.0,0.0,0,1,1,0,0,-1,0.00,0.00
47.810,25.0,0.0,0.704,0.000,1.268,0.00,-1.0,0.0,0,1,1,0,0,-1,0.00,0.00
47.876,25.0,0.0,0.704,0.000,1.268,0.00,-1.0,0.0,0,1,1,0,0,-1,0.00,0.00
47.943,25.0,0.0,0.704,0.000,1.268,0.00,-1.0,0.0,0,1,1,0,0,-1,0.00,0.00
47.994,25.0,0.0,0.704,0.000,1.268,0.00,-1.0,0.0,0,1,0,0,0,-1,0.00,0.00
48.059,25.0,0.0,0.704,0.000,1.268,0.00,-1.0,0.0,0,1,0,0,0,-1,0.00,0.00
48.110,25.0,0.0,0.704,0.000,1.268,0.00,-1.0,0.0,0,1,0,0,0,-1,0.00,0.00
48.176,25.0,0.0,0.704,0.000,1.268,0.00,-1.0,0.0,0,1,0,0,0,-1,0.00,0.00
48.227,25.0,0.0,0.704,0.000,1.268,0.00,-1.0,0.0,0,1,0,0,0,-1,0.00,0.00
48.277,25.0,0.0,0.704,0.000,1.268,0.00,-1.0,0.0,0,1,0,0,0,-1,0.00,0.00
48.340,25.0,0.0,0.704,0.000,1.268,0.00,-1.0,0.0,0,1,0,0,0,-1,0.00,0.00
48.393,25.0,0.0,0.704,0.000,1.268,0.00,-1.0,0.0,0,1,0,0,0,-1,0.00,0.00
48.460,25.0,0.0,0.704,0.000,1.268,0.00,-1.0,0.0,0,1,0,0,0,-1,0.00,0.00
48.512,25.0,0.0,0.704,0.000,1.268,0.00,-1.0,0.0,0,1,0,0,0,-1,0.00,0.00
48.577,25.0,0.0,0.704,0.000,1.268,0.00,-1.0,0.0,0,1,0,0,0,-1,0.00,0.00
48.643,25.0,0.0,0.704,0.000,1.268,0.00,-1.0,0.0,0,1,0,0,0,-1,0.00,0.00
48.693,23.7,0.0,0.704,0.000,1.268,0.00,-1.0,0.0,0,1,0,0,0,-1,0.00,0.00
48.743,19.6,0.0,0.491,0.000,1.178,0.00,-1.0,0.0,0,1,0,0,0,-1,0.00,0.00
48.794,15.6,0.0,0.312,0.000,1.045,0.00,-1.0,0.0,0,1,0,0,0,-1,0.00,0.00
48.859,10.3,0.0,0.156,0.000,0.819,0.00,-1.0,0.0,0,1,0,0,0,-1,0.00,0.00
48.910,6.3,0.0,0.018,0.000,0.575,0.00,-1.0,0.0,0,1,0,0,0,-1,0.00,0.00
48.976,1.0,0.0,0.000,0.000,0.386,0.00,-1.0,0.0,0,1,0,0,0,-1,0.00,0.00
49.042,0.0,0.0,0.000,0.000,0.226,0.00,-1.0,0.0,0,1,0,0,0,-1,0.00,0.00
49.093,0.0,0.0,0.000,0.000,0.173,0.00,-1.0,0.0,0,1,0,0,0,-1,0.00,0.00
49.159,0.0,0.0,0.000,0.000,0.116,0.00,-1.0,0.0,0,1,0,0,0,-1,0.00,0.00
49.211,0.0,0.0,0.000,0.000,0.078,0.00,-1.0,0.0,0,1,0,0,0,-1,0.00,0.00
49.276,0.0,0.0,0.000,0.000,0.052,0.00,-1.0,0.0,0,1,0,0,0,-1,0.00,0.00
49.342,0.0,0.0,0.000,0.000,0.031,0.00,-1.0,0.0,0,1,0,0,0,-1,0.00,0.00
49.393,0.0,0.0,0.000,0.000,0.023,0.00,-1.0,0.0,0,1,0,0,0,-1,0.00,0.00
49.443,0.0,0.0,0.000,0.000,0.016,0.00,-1.0,0.0,0,1,0,0,0,-1,0.00,0.00
49.510,0.0,0.0,0.000,0.000,0.011,0.00,-1.0,0.0,0,1,0,0,0,-1,0.00,0.00
49.576,5.3,0.0,0.000,0.000,0.007,0.00,-1.0,0.0,0,1,0,0,0,-1,0.00,0.00
49.627,9.4,0.0,0.024,0.000,0.011,0.00,-1.0,0.0,0,1,0,0,0,-1,0.00,0.00
49.694,14.7,0.0,0.169,0.000,0.079,0.00,-1.0,0.0,0,1,0,0,0,-1,0.00,0.00
49.759,20.0,0.0,0.324,0.000,0.216,0.00,-1.0,0.0,0,1,0,0,0,-1,0.00,0.00
49.825,22.7,0.0,0.646,0.000,0.540,0.00,-1.0,0.0,0,1,0,0,0,-1,0.00,0.00
49.876,18.6,0.0,0.440,0.000,0.626,0.00,-1.0,0.0,0,1,0,0,0,-1,0.00,0.00
49.943,13.2,0.0,0.214,0.000,0.579,0.00,-1.0,0.0,0,1,0,0,0,-1,0.00,0.00
50.010,7.8,0.0,0.050,0.000,0.437,0.00,-1.0,0.0,0,1,0,0,0,-1,0.00,0.00
50.075,7.7,-1.3,0.002,0.000,0.298,0.00,-1.0,0.0,0,1,0,0,0,-1,0.00,0.00
50.126,11.8,-5.4,0.078,0.000,0.229,0.00,-1.0,0.0,0,1,0,0,0,-1,0.00,0.00
50.193,17.1,-10.7,0.259,-0.052,0.273,-0.82,-1.0,0.0,0,1,0,0,0,-1,0.00,0.00
50.260,22.4,-16.0,0.431,-0.168,0.407,-4.42,-1.0,0.0,0,1,0,0,0,-1,0.00,0.00
50.310,25.0,-20.1,0.704,-0.385,0.655,-12.86,-1.0,0.0,0,1,0,0,0,-1,0.00,0.00
50.376,19.7,-25.0,0.495,-0.653,0.796,-24.83,-1.0,0.0,0,1,0,0,0,-1,0.00,0.00
50.426,23.7,-25.0,0.565,-0.704,0.834,-37.54,-1.0,0.0,0,1,0,0,0,-1,0.00,0.00
50.494,25.0,-25.0,0.704,-0.704,0.965,-46.07,-1.0,0.0,0,1,0,0,0,-1,0.00,0.00
50.560,25.0,-25.0,0.704,-0.704,1.065,-51.78,-1.0,0.0,0,1,0,0,0,-1,0.00,0.00
50.610,25.0,-25.0,0.704,-0.704,1.132,-55.61,-1.0,0.0,0,1,0,0,0,-1,0.00,0.00
50.676,25.0,-25.0,0.704,-0.704,1.177,-58.18,-1.0,0.0,0,1,0,0,0,-1,0.00,0.00
50.726,25.0,-25.0,0.704,-0.704,1.207,-59.90,-1.0,0.0,0,1,0,0,0,-1,0.00,0.00
50.795,25.0,-25.0,0.704,-0.704,1.227,-61.05,-1.0,0.0,0,1,0,0,0,-1,0.00,0.00
50.860,25.0,-25.0,0.704,-0.704,1.244,-62.02,-1.0,0.0,0,1,0,0,0,-1,0.00,0.00
50.926,25.0,-25.0,0.704,-0.704,1.252,-62.47,-1.0,0.0,0,1,0,0,0,-1,0.00,0.00
50.992,25.0,-25.0,0.704,-0.704,1.257,-62.78,-1.0,0.0,0,1,0,0,0,-1,0.00,0.00
51.043,25.0,-25.0,0.704,-0.704,1.261,-62.98,-1.0,0.0,0,1,0,0,0,-1,0.00,0.00
51.110,25.0,-25.0,0.704,-0.704,1.263,-63.12,-1.0,0.0,0,1,0,0,0,-1,0.00,0.00
51.176,25.0,-25.0,0.704,-0.704,1.265,-63.21,-1.0,0.0,0,1,0,0,0,-1,0.00,0.00
51.227,25.0,-25.0,0.704,-0.704,1.266,-63.27,-1.0,0.0,0,1,0,0,0,-1,0.00,0.00
51.277,25.0,-25.0,0.704,-0.704,1.266,-63.30,-1.0,0.0,0,1,0,0,0,-1,0.00,0.00
51.343,25.0,-25.0,0.704,-0.704,1.267,-63.34,-1.0,0.0,0,1,0,0,0,-1,0.00,0.00
51.410,20.9,-25.0,0.562,-0.704,1.220,-63.36,-1.0,0.0,0,1,0,0,0,-1,0.00,0.00
51.475,18.3,-25.0,0.311,-0.704,1.057,-63.37,-1.0,0.0,0,1,0,0,0,-1,0.00,0.00
51.527,22.4,-25.0,0.496,-0.704,0.968,-63.38,-1.0,0.0,0,1,0,0,0,-1,0.00,0.00
51.592,25.0,-25.0,0.704,-0.704,1.029,-63.38,-1.0,0.0,0,1,0,0,0,-1,0.00,0.00
51.643,25.0,-25.0,0.704,-0.704,1.107,-63.39,-1.0,0.0,0,1,0,0,0,-1,0.00,0.00
51.694,25.0,-25.0,0.704,-0.704,1.145,-63.39,-1.0,0.0,0,1,0,0,0,-1,0.00,0.00
51.744,25.0,-25.0,0.704,-0.704,1.186,-63.39,-1.0,0.0,0,1,0,0,0,-1,0.00,0.00
51.809,25.0,-25.0,0.704,-0.704,1.213,-63.39,-1.0,0.0,0,1,0,0,0,-1,0.00,0.00
51.859,25.0,-25.0,0.704,-0.704,1.226,-63.39,-1.0,0.0,0,1,0,0,0,-1,0.00,0.00
51.926,25.0,-25.0,0.704,-0.704,1.243,-63.39,-1.0,0.0,0,1,0,0,0,-1,0.00,0.00
51.994,21.0,-23.5,0.566,-0.704,1.206,-63.39,-1.0,0.0,0,1,0,0,0,-1,0.00,0.00
52.059,15.7,-18.3,0.372,-0.493,1.062,-58.90,-1.0,0.0,0,1,0,0,0,-1,0.00,0.00
52.126,10.4,-13.0,0.117,-0.204,0.754,-44.73,-1.0,0.0,0,1,0,0,0,-1,0.00,0.00
52.177,6.3,-8.9,0.045,-0.113,0.603,-37.07,-1.0,0.0,0,1,0,0,0,-1,0.00,0.00
52.227,2.3,-4.9,0.000,-0.002,0.405,-25.38,-1.0,0.0,0,1,0,0,0,-1,0.00,-1.00
52.293,0.0,0.0,0.000,0.000,0.271,-17.02,-1.0,0.0,0,1,0,0,0,-1,0.00,-1.00
52.360,0.0,0.0,0.000,0.000,0.159,-9.98,-1.0,0.0,0,1,0,0,0,-1,0.00,-1.00
52.426,0.0,0.0,0.000,0.000,0.107,-6.69,-1.0,0.0,0,1,0,0,0,-1,0.00,-1.00
52.494,0.0,0.0,0.000,0.000,0.072,-4.49,-1.0,0.0,0,1,0,0,0,-1,0.00,-1.00
52.559,0.0,0.0,0.000,0.000,0.048,-3.01,-1.0,0.0,0,1,0,0,0,-1,0.00,-1.00
52.627,0.0,0.0,0.000,0.000,0.028,-1.76,-1.0,0.0,0,1,0,0,0,-1,0.00,-1.00
52.677,0.0,0.0,0.000,0.000,0.022,-1.35,-1.0,0.0,0,1,0,0,0,-1,0.00,0.00
52.745,0.0,0.0,0.000,0.000,0.013,-0.79,-1.0,0.0,0,1,0,0,0,-1,0.00,0.00
52.810,0.0,0.0,0.000,0.000,0.008,-0.53,-1.0,0.0,0,1,0,0,0,-1,0.00,0.00
52.876,0.0,0.0,0.000,0.000,0.006,-0.36,-1.0,0.0,0,1,0,0,0,-1,0.00,0.00
52.926,0.0,0.0,0.000,0.000,0.004,-0.24,-1.0,0.0,0,1,0,0,0,-1,0.00,0.00
52.993,0.0,0.0,0.000,0.000,0.003,-0.16,-1.0,0.0,0,1,0,0,0,-1,0.00,0.00
53.043,0.0,0.0,0.000,0.000,0.002,-0.11,-1.0,0.0,0,1,0,0,0,-1,0.00,0.00
53.110,0.0,0.0,0.000,0.000,0.001,-0.07,-1.0,0.0,0,1,0,0,1,-1,-1.00,0.00
53.161,0.0,0.0,0.000,0.000,0.001,-0.05,-1.0,0.0,0,1,0,0,1,-1,-1.00,0.00
53.226,0.0,0.0,0.000,0.000,0.001,-0.03,-1.0,0.0,0,1,0,0,1,-1,-1.00,0.00
53.276,0.0,0.0,0.000,0.000,0.000,-0.02,-1.0,0.0,0,1,0,0,1,-1,-1.00,0.00
53.326,0.0,0.0,0.000,0.000,0.000,-0.02,-1.0,0.0,0,1,0,0,1,-1,-1.00,0.00
53.393,0.0,0.0,0.000,0.000,0.000,-0.01,-1.0,0.0,0,1,0,0,1,-1,-1.00,0.00
53.461,0.0,0.0,0.000,0.000,0.000,-0.01,-1.0,0.0,0,1,0,0,1,-1,-1.00,0.00
53.525,0.0,0.0,0.000,0.000,0.000,0.00,-1.0,0.0,0,1,0,0,1,-1,-1.00,0.00
53.576,0.0,0.0,0.000,0.000,0.000,0.00,-1.0,0.0,0,1,0,0,1,-1,-1.00,0.00
53.626,0.0,0.0,0.000,0.000,0.000,0.00,-1.0,0.0,0,1,0,0,1,-1,-1.00,0.00
53.693,0.0,0.0,0.000,0.000,0.000,0.00,-1.0,0.0,0,1,0,0,1,-1,-1.00,0.00
53.743,0.0,0.0,0.000,0.000,0.000,0.00,-1.0,0.0,0,1,0,0,0,-1,0.00,0.00
53.794,0.0,0.0,0.000,0.000,0.000,0.00,-1.0,0.0,0,1,0,0,0,-1,0.00,-1.00
53.859,0.0,0.0,0.000,0.000,0.000,0.00,-1.0,0.0,0,1,0,0,0,-1,0.00,-1.00
53.910,0.0,0.0,0.000,0.000,0.000,0.00,-1.0,0.0,0,1,0,0,0,-1,0.00,-1.00
53.976,0.0,0.0,0.000,0.000,0.000,0.00,-1.0,0.0,0,1,0,0,0,-1,0.00,-1.00
54.027,0.0,0.0,0.000,0.000,0.000,0.00,-1.0,0.0,0,1,0,0,0,-1,0.00,-1.00
54.093,0.0,0.0,0.000,0.000,0.000,0.00,-1.0,0.0,0,1,0,0,0,-1,0.00,-1.00
54.159,0.0,0.0,0.000,0.000,0.000,0.00,-1.0,0.0,0,1,0,0,0,-1,0.00,0.00
54.209,0.0,0.0,0.000,0.000,0.000,0.00,-1.0,0.0,0,1,0,0,0,-1,0.00,0.00
54.259,0.0,0.0,0.000,0.000,0.000,0.00,-1.0,0.0,0,1,0,0,0,-1,0.00,1.00
54.325,0.0,0.0,0.000,0.000,0.000,0.00,-1.0,0.0,0,1,0,0,0,-1,0.00,1.00
54.376,0.0,0.0,0.000,0.000,0.000,0.00,-1.0,0.0,0,1,0,0,0,-1,0.00,1.00
54.426,0.0,0.0,0.000,0.000,0.000,0.00,-1.0,0.0,0,1,0,0,0,-1,0.00,0.00
54.492,0.0,0.0,0.000,0.000,0.000,0.00,-1.0,0.0,0,1,0,0,0,-1,0.00,0.00
54.559,0.0,0.0,0.000,0.000,0.000,0.00,-1.0,0.0,0,1,0,1,0,-1,1.00,0.00
54.627,0.0,0.0,0.000,0.000,0.000,0.00,-1.0,0.0,0,1,0,1,0,-1,1.00,0.00
54.692,0.0,0.0,0.000,0.000,0.000,0.00,-1.0,0.0,0,1,0,1,0,-1,1.00,0.00
54.743,0.0,0.0,0.000,0.000,0.000,0.00,-1.0,0.0,0,1,0,1,0,-1,1.00,0.00
54.809,0.0,0.0,0.000,0.000,0.000,0.00,-1.0,0.0,0,1,0,1,0,-1,1.00,0.00
54.860,0.0,0.0,0.000,0.000,0.000,0.00,-1.0,0.0,0,1,0,0,0,-1,0.00,0.00
54.926,0.0,0.0,0.000,0.000,0.000,0.00,-1.0,0.0,0,1,0,0,0,-1,0.00,-1.00
54.993,0.0,0.0,0.000,0.000,0.000,0.00,-1.0,0.0,0,1,0,0,0,-1,0.00,-1.00
55.059,0.0,0.0,0.000,0.000,0.000,0.00,-1.0,0.0,0,1,0,0,0,-1,0.00,-1.00
55.109,0.0,0.0,0.000,0.000,0.000,0.00,-1.0,0.0,0,1,0,0,0,-1,0.00,-1.00
55.159,0.0,0.0,0.000,0.000,0.000,0.00,-1.0,0.0,0,1,0,0,0,-1,0.00,-1.00
55.210,0.0,0.0,0.000,0.000,0.000,0.00,-1.0,0.0,0,1,0,0,0,-1,0.00,-1.00
55.277,0.0,0.0,0.000,0.000,0.000,0.00,-1.0,0.0,0,1,0,0,0,-1,0.00,0.00
55.344,0.0,0.0,0.000,0.000,0.000,0.00,-1.0,0.0,0,1,0,0,0,-1,0.00,1.00
55.409,0.0,0.0,0.000,0.000,0.000,0.00,-1.0,0.0,0,1,0,0,0,-1,0.00,1.00
55.460,0.0,0.0,0.000,0.000,0.000,0.00,-1.0,0.0,0,1,0,0,0,-1,0.00,1.00
55.526,0.0,0.0,0.000,0.000,0.000,0.00,-1.0,0.0,0,1,0,0,0,-1,0.00,1.00
55.576,0.0,0.0,0.000,0.000,0.000,0.00,-1.0,0.0,0,1,0,0,0,-1,0.00,1.00
55.628,0.0,0.0,0.000,0.000,0.000,0.00,-1.0,0.0,0,1,0,0,0,-1,0.00,1.00
55.692,0.0,0.0,0.000,0.000,0.000,0.00,-1.0,0.0,0,1,0,0,0,-1,0.00,0.00
55.743,0.0,0.0,0.000,0.000,0.000,0.00,-1.0,0.0,0,1,0,0,0,-1,0.00,0.00
55.793,0.0,0.0,0.000,0.000,0.000,0.00,-1.0,0.0,0,1,0,0,0,-1,0.00,0.00
55.862,0.0,0.0,0.000,0.000,0.000,0.00,-1.0,0.0,0,1,0,0,0,-1,0.00,0.00
55.926,0.0,0.0,0.000,0.000,0.000,0.00,-1.0,0.0,0,1,0,0,0,-1,0.00,0.00
55.993,0.0,-4.0,0.000,0.000,0.000,0.00,-1.0,0.0,0,1,0,0,0,-1,0.00,0.00
56.059,0.0,-9.3,0.000,-0.004,0.000,-0.05,-1.0,0.0,0,1,0,0,0,-1,0.00,0.00
56.109,4.1,-13.4,0.000,-0.126,0.000,-2.77,-1.0,0.0,0,1,0,0,0,-1,0.00,0.00
56.160,8.1,-17.4,0.005,-0.270,0.001,-8.51,-1.0,0.0,0,1,0,0,0,-1,0.00,0.00
56.226,13.3,-22.6,0.125,-0.509,0.055,-19.11,-1.0,0.0,0,1,0,0,0,-1,0.00,0.00
56.277,17.5,-25.0,0.220,-0.652,0.125,-27.64,-1.0,0.0,0,1,0,0,0,-1,0.00,0.00
56.329,21.6,-25.0,0.448,-0.704,0.317,-39.43,-1.0,0.0,0,1,0,0,0,-1,0.00,0.00
56.391,25.0,-25.0,0.704,-0.704,0.590,-47.33,-1.0,0.0,0,1,0,0,0,-1,0.00,0.00
56.443,25.0,-25.0,0.704,-0.704,0.813,-52.63,-1.0,0.0,0,1,0,0,0,-1,0.00,0.00
56.511,25.0,-25.0,0.704,-0.704,0.963,-56.18,-1.0,0.0,0,1,0,0,0,-1,0.00,0.00
56.577,20.9,-25.0,0.619,-0.704,1.044,-58.56,-1.0,0.0,0,1,0,0,0,-1,0.00,0.00
56.643,15.6,-19.7,0.310,-0.499,0.903,-56.34,-1.0,0.0,0,1,0,0,0,-1,0.00,0.00
56.709,10.3,-14.4,0.113,-0.258,0.705,-47.46,-1.0,0.0,0,1,0,0,0,-1,0.00,0.00
56.760,6.3,-10.4,0.045,-0.162,0.565,-40.22,-1.0,0.0,0,1,0,0,0,-1,0.00,0.00
56.826,1.0,-5.1,0.000,-0.002,0.332,-24.80,-1.0,0.0,0,1,0,0,0,-1,0.00,0.00
56.892,0.0,0.0,0.000,0.000,0.222,-16.62,-1.0,0.0,0,1,0,0,0,-1,0.00,0.00
56.943,0.0,0.0,0.000,0.000,0.149,-11.14,-1.0,0.0,0,1,0,0,0,-1,0.00,0.00
57.010,1.4,0.0,0.000,0.000,0.100,-7.47,-1.0,0.0,0,1,0,0,0,-1,0.00,0.00
57.076,6.7,-2.7,0.000,0.000,0.067,-5.01,-1.0,0.0,0,1,0,0,0,-1,0.00,0.00
57.127,10.7,-6.8,0.056,0.000,0.063,-3.36,-1.0,0.0,0,1,0,0,0,-1,0.00,0.00
57.193,16.0,-12.0,0.218,-0.087,0.140,-3.81,-1.0,0.0,0,1,0,0,0,-1,0.00,0.00
57.260,21.4,-17.5,0.446,-0.270,0.355,-9.86,-1.0,0.0,0,1,0,0,0,-1,0.00,0.00
57.327,25.0,-22.8,0.704,-0.512,0.624,-20.09,-1.0,0.0,0,1,0,0,0,-1,0.00,0.00
57.392,25.0,-25.0,0.704,-0.704,0.836,-32.95,-1.0,0.0,0,1,0,0,0,-1,0.00,0.00
57.461,25.0,-25.0,0.704,-0.704,1.015,-45.53,-1.0,0.0,0,1,0,0,0,-1,0.00,0.00
57.526,25.0,-25.0,0.704,-0.704,1.098,-51.42,-1.0,0.0,0,1,0,0,0,-1,0.00,0.00
57.578,25.0,-25.0,0.704,-0.704,1.138,-54.22,-1.0,0.0,0,1,0,0,0,-1,0.00,0.00
57.644,25.0,-25.0,0.704,-0.704,1.192,-58.02,-1.0,0.0,0,1,0,0,0,-1,0.00,0.00
57.709,25.0,-25.0,0.704,-0.704,1.217,-59.79,-1.0,0.0,0,1,0,0,0,-1,0.00,0.00
57.760,25.0,-25.0,0.704,-0.704,1.229,-60.63,-1.0,0.0,0,1,0,0,0,-1,0.00,0.00
57.826,25.0,-25.0,0.704,-0.704,1.245,-61.77,-1.0,0.0,0,1,0,0,0,-1,0.00,0.00
57.879,25.0,-25.0,0.704,-0.704,1.250,-62.15,-1.0,0.0,0,1,0,0,0,-1,0.00,0.00
57.943,25.0,-25.0,0.704,-0.704,1.258,-62.67,-1.0,0.0,0,1,0,0,0,-1,0.00,0.00
57.993,23.7,-25.0,0.704,-0.704,1.260,-62.84,-1.0,0.0,0,1,0,0,0,-1,0.00,0.00
58.061,18.3,-25.0,0.430,-0.704,1.126,-63.07,-1.0,0.0,0,1,0,0,0,-1,0.00,0.00
58.126,13.0,-25.0,0.207,-0.704,0.904,-63.18,-1.0,0.0,0,1,0,0,0,-1,0.00,0.00
58.192,7.8,-25.0,0.046,-0.704,0.667,-63.25,-1.0,0.0,0,1,0,0,0,-1,0.00,0.00
58.243,11.8,-25.0,0.082,-0.704,0.480,-63.30,-1.0,0.0,0,1,0,0,0,-1,0.00,0.00
58.294,10.4,-23.6,0.118,-0.704,0.426,-63.32,-1.0,0.0,0,1,0,0,0,-1,0.00,0.00
58.359,5.2,-18.4,0.021,-0.496,0.313,-58.92,-1.0,0.0,0,1,0,0,0,-1,0.00,0.00
58.426,0.0,-13.0,0.000,-0.207,0.184,-44.84,-1.0,0.0,0,1,0,0,0,-1,0.00,0.00
58.493,0.0,-7.7,0.000,-0.045,0.123,-32.70,-1.0,0.0,0,1,0,0,0,-1,0.00,0.00
58.562,0.0,-2.2,0.000,0.000,0.072,-19.34,-1.0,0.0,0,1,0,0,0,-1,0.00,0.00
58.626,0.0,0.0,0.000,0.000,0.048,-12.96,-1.0,0.0,0,1,0,0,0,-1,0.00,0.00
58.676,0.0,0.0,0.000,0.000,0.037,-9.93,-1.0,0.0,0,1,0,0,0,-1,0.00,0.00
58.743,0.0,0.0,0.000,0.000,0.022,-5.82,-1.0,0.0,0,1,0,0,0,-1,0.00,0.00
58.810,0.0,0.0,0.000,0.000,0.015,-3.90,-1.0,0.0,0,1,0,0,0,-1,0.00,0.00
58.860,0.0,0.0,0.000,0.000,0.010,-2.62,-1.0,0.0,0,1,0,0,0,-1,0.00,0.00
58.925,0.0,0.0,0.000,0.000,0.007,-1.75,-1.0,0.0,0,1,0,0,0,-1,0.00,0.00
58.977,0.0,0.0,0.000,0.000,0.005,-1.34,-1.0,0.0,0,1,1,0,0,-1,0.00,0.00
59.043,0.0,0.0,0.000,0.000,0.003,-0.79,-1.0,0.0,0,1,1,0,0,-1,0.00,0.00
59.093,0.0,0.0,0.000,0.000,0.002,-0.60,-1.0,0.0,0,1,0,0,0,-1,0.00,0.00
59.160,0.0,0.0,0.000,0.000,0.002,-0.40,-1.0,0.0,0,1,0,0,0,-1,0.00,1.00
59.226,0.0,0.0,0.000,0.000,0.001,-0.24,-1.0,0.0,0,1,0,0,0,-1,0.00,1.00
59.277,0.0,0.0,0.000,0.000,0.001,-0.18,-1.0,0.0,0,1,0,0,0,-1,0.00,1.00
59.342,0.0,0.0,0.000,0.000,0.000,-0.11,-1.0,0.0,0,1,0,0,0,-1,0.00,1.00
59.409,0.0,0.0,0.000,0.000,0.000,-0.07,-1.0,0.0,0,1,0,0,0,-1,0.00,1.00
59.460,0.0,0.0,0.000,0.000,0.000,-0.05,-1.0,0.0,0,1,0,0,0,-1,0.00,1.00
59.511,0.0,0.0,0.000,0.000,0.000,-0.04,-1.0,0.0,0,1,0,0,0,-1,0.00,1.00
59.576,0.0,0.0,0.000,0.000,0.000,-0.02,-1.0,0.0,0,1,0,0,0,-1,0.00,0.00
59.642,0.0,0.0,0.000,0.000,0.000,-0.01,-1.0,0.0,0,1,0,0,0,-1,0.00,0.00
59.693,0.0,0.0,0.000,0.000,0.000,-0.01,-1.0,0.0,0,1,0,0,0,-1,0.00,0.00
59.744,0.0,0.0,0.000,0.000,0.000,-0.01,-1.0,0.0,0,1,0,0,0,-1,0.00,0.00
59.811,0.0,0.0,0.000,0.000,0.000,0.00,-1.0,0.0,0,1,0,0,0,-1,0.00,0.00
59.876,0.0,0.0,0.000,0.000,0.000,0.00,-1.0,0.0,0,1,0,0,0,-1,0.00,0.00
59.942,0.0,0.0,0.000,0.000,0.000,0.00,-1.0,0.0,0,1,0,0,0,-1,0.00,0.00
59.993,0.0,0.0,0.000,0.000,0.000,0.00,-1.0,0.0,0,1,0,0,0,-1,0.00,0.00
60.044,0.0,0.0,0.000,0.000,0.000,0.00,-1.0,0.0,0,1,0,0,0,-1,0.00,1.00
60.109,0.0,0.0,0.000,0.000,0.000,0.00,-1.0,0.0,0,1,0,0,0,-1,0.00,1.00
60.160,0.0,0.0,0.000,0.000,0.000,0.00,-1.0,0.0,0,1,0,0,0,-1,0.00,1.00
60.227,0.0,0.0,0.000,0.000,0.000,0.00,-1.0,0.0,0,1,0,0,0,-1,0.00,1.00
60.292,0.0,0.0,0.000,0.000,0.000,0.00,-1.0,0.0,0,1,0,0,0,-1,0.00,0.00
60.342,0.0,0.0,0.000,0.000,0.000,0.00,-1.0,0.0,0,1,0,0,0,-1,0.00,0.00
60.410,0.0,0.0,0.000,0.000,0.000,0.00,-1.0,0.0,0,1,0,0,0,-1,0.00,-1.00
60.475,0.0,0.0,0.000,0.000,0.000,0.00,-1.0,0.0,0,1,0,0,0,-1,0.00,-1.00
60.526,0.0,0.0,0.000,0.000,0.000,0.00,-1.0,0.0,0,1,0,0,0,-1,0.00,-1.00
60.593,0.0,0.0,0.000,0.000,0.000,0.00,-1.0,0.0,0,1,0,0,0,-1,0.00,-1.00
60.659,0.0,0.0,0.000,0.000,0.000,0.00,-1.0,0.0,0,1,0,0,0,-1,0.00,-1.00
60.710,0.0,0.0,0.000,0.000,0.000,0.00,-1.0,0.0,0,1,0,0,0,-1,0.00,-1.00
60.777,0.0,0.0,0.000,0.000,0.000,0.00,-1.0,0.0,0,1,0,0,1,-1,-1.00,0.00
60.842,0.0,0.0,0.000,0.000,0.000,0.00,-1.0,0.0,0,1,0,0,1,-1,-1.00,0.00
60.893,0.0,0.0,0.000,0.000,0.000,0.00,-1.0,0.0,0,1,0,0,1,-1,-1.00,0.00
60.964,0.0,0.0,0.000,0.000,0.000,0.00,-1.0,0.0,0,1,0,0,1,-1,-1.00,-1.00
61.027,0.0,0.0,0.000,0.000,0.000,0.00,-1.0,0.0,0,1,0,0,1,-1,-1.00,-1.00
61.093,0.0,0.0,0.000,0.000,0.000,0.00,-1.0,0.0,0,1,0,0,1,-1,-1.00,-1.00
61.143,0.0,0.0,0.000,0.000,0.000,0.00,-1.0,0.0,0,1,0,0,1,-1,-1.00,-1.00
61.209,0.0,0.0,0.000,0.000,0.000,0.00,-1.0,0.0,0,1,0,0,1,-1,-1.00,-1.00
61.260,0.0,0.0,0.000,0.000,0.000,0.00,-1.0,0.0,0,1,0,0,0,-1,0.00,0.00
61.326,0.0,0.0,0.000,0.000,0.000,0.00,-1.0,0.0,0,1,0,0,0,-1,0.00,1.00
61.376,0.0,0.0,0.000,0.000,0.000,0.00,-1.0,0.0,0,1,0,0,0,-1,0.00,1.00
61.442,0.0,0.0,0.000,0.000,0.000,0.00,-1.0,0.0,0,1,0,0,0,-1,0.00,1.00
61.494,0.0,0.0,0.000,0.000,0.000,0.00,-1.0,0.0,0,1,0,0,0,-1,0.00,1.00
61.560,0.0,0.0,0.000,0.000,0.000,0.00,-1.0,0.0,0,1,0,1,0,-1,1.00,1.00
61.626,0.0,0.0,0.000,0.000,0.000,0.00,-1.0,0.0,0,1,0,1,0,-1,1.00,1.00
61.677,0.0,0.0,0.000,0.000,0.000,0.00,-1.0,0.0,0,1,0,1,0,-1,1.00,1.00
61.727,0.0,0.0,0.000,0.000,0.000,0.00,-1.0,0.0,0,1,0,1,0,-1,1.00,1.00
61.794,0.0,0.0,0.000,0.000,0.000,0.00,-1.0,0.0,0,1,0,1,0,-1,1.00,1.00
61.859,0.0,0.0,0.000,0.000,0.000,0.00,-1.0,0.0,0,1,0,1,0,-1,1.00,1.00
61.910,0.0,0.0,0.000,0.000,0.000,0.00,-1.0,0.0,0,1,0,1,0,-1,1.00,1.00
61.960,0.0,0.0,0.000,0.000,0.000,0.00,-1.0,0.0,0,1,0,1,0,-1,1.00,1.00
62.010,0.0,0.0,0.000,0.000,0.000,0.00,-1.0,0.0,0,1,0,1,0,-1,1.00,1.00
62.077,0.0,0.0,0.000,0.000,0.000,0.00,-1.0,0.0,0,1,0,1,0,-1,1.00,1.00
62.143,0.0,0.0,0.000,0.000,0.000,0.00,-1.0,0.0,0,1,0,1,0,-1,1.00,1.00
62.193,0.0,0.0,0.000,0.000,0.000,0.00,-1.0,0.0,0,1,0,1,0,-1,1.00,1.00
62.260,0.0,0.0,0.000,0.000,0.000,0.00,-1.0,0.0,0,1,0,1,0,-1,1.00,1.00
62.311,0.0,0.0,0.000,0.000,0.000,0.00,-1.0,0.0,0,1,0,1,0,-1,1.00,1.00
62.374,0.0,0.0,0.000,0.000,0.000,0.00,-1.0,0.0,0,1,0,1,0,-1,1.00,1.00
62.426,0.0,0.0,0.000,0.000,0.000,0.00,-1.0,0.0,0,1,0,1,0,-1,1.00,1.00
62.477,0.0,0.0,0.000,0.000,0.000,0.00,-1.0,0.0,0,1,0,0,0,-1,0.00,0.00
62.543,0.0,0.0,0.000,0.000,0.000,0.00,-1.0,0.0,0,1,0,0,0,-1,0.00,-1.00
62.610,0.0,0.0,0.000,0.000,0.000,0.00,-1.0,0.0,0,1,0,0,0,-1,0.00,-1.00
62.676,0.0,0.0,0.000,0.000,0.000,0.00,-1.0,0.0,0,1,0,0,0,-1,0.00,-1.00
62.727,0.0,0.0,0.000,0.000,0.000,0.00,-1.0,0.0,0,1,0,0,0,-1,0.00,-1.00
62.777,0.0,0.0,0.000,0.000,0.000,0.00,-1.0,0.0,0,1,0,0,0,-1,0.00,-1.00
62.843,0.0,0.0,0.000,0.000,0.000,0.00,-1.0,0.0,0,1,0,0,0,-1,0.00,-1.00
62.910,0.0,0.0,0.000,0.000,0.000,0.00,-1.0,0.0,0,1,0,0,0,-1,0.00,-1.00
62.960,0.0,0.0,0.000,0.000,0.000,0.00,-1.0,0.0,0,1,0,0,0,-1,0.00,-1.00
63.025,0.0,0.0,0.000,0.000,0.000,0.00,-1.0,0.0,0,1,0,0,0,-1,0.00,-1.00
63.076,0.0,0.0,0.000,0.000,0.000,0.00,-1.0,0.0,0,1,0,0,0,-1,0.00,-1.00
63.126,0.0,0.0,0.000,0.000,0.000,0.00,-1.0,0.0,0,1,0,0,0,-1,0.00,-1.00
63.178,0.0,0.0,0.000,0.000,0.000,0.00,-1.0,0.0,0,1,0,0,0,-1,0.00,0.00
63.242,0.0,0.0,0.000,0.000,0.000,0.00,-1.0,0.0,0,1,0,0,0,-1,0.00,0.00
63.292,0.0,0.0,0.000,0.000,0.000,0.00,-1.0,0.0,0,1,0,0,1,-1,-1.00,1.00
63.344,0.0,0.0,0.000,0.000,0.000,0.00,-1.0,0.0,0,1,0,0,1,-1,-1.00,1.00
63.410,0.0,0.0,0.000,0.000,0.000,0.00,-1.0,0.0,0,1,0,0,1,-1,-1.00,0.00
63.476,0.0,0.0,0.000,0.000,0.000,0.00,-1.0,0.0,0,1,0,0,0,-1,0.00,0.00
63.544,0.0,0.0,0.000,0.000,0.000,0.00,-1.0,0.0,0,1,0,0,0,-1,0.00,0.00
63.609,0.0,0.0,0.000,0.000,0.000,0.00,-1.0,0.0,0,1,0,0,0,-1,0.00,-1.00
63.660,0.0,0.0,0.000,0.000,0.000,0.00,-1.0,0.0,0,1,0,0,0,-1,0.00,-1.00
63.710,0.0,0.0,0.000,0.000,0.000,0.00,-1.0,0.0,0,1,0,0,0,-1,0.00,-1.00
63.777,0.0,0.0,0.000,0.000,0.000,0.00,-1.0,0.0,0,1,0,0,0,-1,0.00,-1.00
63.842,0.0,0.0,0.000,0.000,0.000,0.00,-1.0,0.0,0,1,0,0,0,-1,0.00,-1.00
63.893,0.0,0.0,0.000,0.000,0.000,0.00,-1.0,0.0,0,1,0,0,0,-1,0.00,-1.00
63.945,0.0,0.0,0.000,0.000,0.000,0.00,-1.0,0.0,0,1,0,0,0,-1,0.00,-1.00
64.009,0.0,0.0,0.000,0.000,0.000,0.00,-1.0,0.0,0,1,0,0,0,-1,0.00,0.00
64.059,0.0,0.0,0.000,0.000,0.000,0.00,-1.0,0.0,0,1,0,0,0,-1,0.00,0.00
64.110,0.0,0.0,0.000,0.000,0.000,0.00,-1.0,0.0,0,1,0,0,0,-1,0.00,0.00
64.176,0.0,0.0,0.000,0.000,0.000,0.00,-1.0,0.0,0,1,0,0,0,-1,0.00,1.00
64.227,0.0,0.0,0.000,0.000,0.000,0.00,-1.0,0.0,0,1,0,0,0,-1,0.00,1.00
64.293,0.0,0.0,0.000,0.000,0.000,0.00,-1.0,0.0,0,1,0,1,0,-1,1.00,1.00
64.359,0.0,0.0,0.000,0.000,0.000,0.00,-1.0,0.0,0,1,0,1,0,-1,1.00,1.00
64.411,0.0,0.0,0.000,0.000,0.000,0.00,-1.0,0.0,0,1,0,1,0,-1,1.00,1.00
64.476,0.0,0.0,0.000,0.000,0.000,0.00,-1.0,0.0,0,1,0,1,0,-1,1.00,1.00
64.543,0.0,0.0,0.000,0.000,0.000,0.00,-1.0,0.0,0,1,0,1,0,-1,1.00,1.00
64.593,0.0,0.0,0.000,0.000,0.000,0.00,-1.0,0.0,0,1,0,1,0,-1,1.00,1.00
64.659,0.0,0.0,0.000,0.000,0.000,0.00,-1.0,0.0,0,1,0,1,0,-1,1.00,1.00
64.711,0.0,0.0,0.000,0.000,0.000,0.00,-1.0,0.0,0,1,0,1,0,-1,1.00,1.00
64.777,0.0,0.0,0.000,0.000,0.000,0.00,-1.0,0.0,0,1,0,0,0,-1,0.00,0.00
64.842,0.0,0.0,0.000,0.000,0.000,0.00,-1.0,0.0,0,1,0,0,0,-1,0.00,0.00
64.893,0.0,0.0,0.000,0.000,0.000,0.00,-1.0,0.0,0,1,0,0,0,-1,0.00,0.00
64.959,0.0,0.0,0.000,0.000,0.000,0.00,-1.0,0.0,0,1,0,0,0,-1,0.00,0.00
65.009,0.0,0.0,0.000,0.000,0.000,0.00,-1.0,0.0,0,1,0,0,0,-1,0.00,0.00
65.060,0.0,0.0,0.000,0.000,0.000,0.00,-1.0,0.0,0,1,0,0,0,-1,0.00,0.00
65.111,0.0,0.0,0.000,0.000,0.000,0.00,-1.0,0.0,0,1,0,0,0,-1,0.00,0.00
65.175,0.0,0.0,0.000,0.000,0.000,0.00,-1.0,0.0,0,1,0,0,0,-1,0.00,0.00
65.226,0.0,0.0,0.000,0.000,0.000,0.00,-1.0,0.0,0,1,0,0,0,-1,0.00,0.00
65.293,0.0,0.0,0.000,0.000,0.000,0.00,-1.0,0.0,0,1,0,0,0,-1,0.00,0.00
65.360,1.3,0.0,0.000,0.000,0.000,0.00,-1.0,0.0,0,1,0,0,0,-1,0.00,0.00
65.411,5.4,0.0,0.000,0.000,0.000,0.00,-1.0,0.0,0,1,0,0,0,-1,0.00,0.00
65.476,10.7,0.0,0.052,0.000,0.013,0.00,-1.0,0.0,0,1,0,0,0,-1,0.00,0.00
65.543,16.0,0.0,0.216,0.000,0.123,0.00,-1.0,0.0,0,1,0,0,0,-1,0.00,0.00
65.593,20.0,0.0,0.381,0.000,0.244,0.00,-1.0,0.0,0,1,0,0,0,-1,0.00,0.00
65.644,24.1,0.0,0.578,0.000,0.472,0.00,-1.0,0.0,0,1,0,0,0,-1,0.00,0.00
65.710,25.0,0.0,0.704,0.000,0.735,0.00,-1.0,0.0,0,1,0,0,0,-1,0.00,0.00
65.776,25.0,0.0,0.704,0.000,0.910,0.00,-1.0,0.0,0,1,0,0,0,-1,0.00,0.00
65.828,25.0,0.0,0.704,0.000,1.028,0.00,-1.0,0.0,0,1,0,0,0,-1,0.00,0.00
65.893,25.0,0.0,0.704,0.000,1.107,0.00,-1.0,0.0,0,1,0,0,0,-1,0.00,0.00
65.961,25.0,0.0,0.704,0.000,1.174,0.00,-1.0,0.0,0,1,0,0,0,-1,0.00,0.00
66.026,25.0,0.0,0.704,0.000,1.205,0.00,-1.0,0.0,0,1,0,0,0,-1,0.00,0.00
66.093,25.0,0.0,0.704,0.000,1.226,0.00,-1.0,0.0,0,1,0,0,0,-1,0.00,0.00
66.144,25.0,0.0,0.704,0.000,1.240,0.00,-1.0,0.0,0,1,0,0,0,-1,0.00,0.00
66.210,25.0,0.0,0.704,0.000,1.249,0.00,-1.0,0.0,0,1,0,0,0,-1,0.00,0.00
66.276,25.0,0.0,0.704,0.000,1.255,0.00,-1.0,0.0,0,1,0,0,0,-1,0.00,0.00
66.326,25.0,0.0,0.704,0.000,1.259,0.00,-1.0,0.0,0,1,0,0,0,-1,0.00,0.00
66.394,25.0,0.0,0.704,0.000,1.262,0.00,-1.0,0.0,0,1,0,0,0,-1,0.00,0.00
66.460,25.0,0.0,0.704,0.000,1.265,0.00,-1.0,0.0,0,1,0,0,0,-1,0.00,0.00
66.510,25.0,0.0,0.704,0.000,1.265,0.00,-1.0,0.0,0,1,0,0,0,-1,0.00,0.00
66.575,25.0,0.0,0.704,0.000,1.266,0.00,-1.0,0.0,0,1,0,0,0,-1,0.00,0.00
66.627,25.0,0.0,0.704,0.000,1.267,0.00,-1.0,0.0,0,1,0,0,0,-1,0.00,0.00
66.693,25.0,0.0,0.704,0.000,1.267,0.00,-1.0,0.0,0,1,0,0,0,-1,0.00,0.00
66.743,25.0,0.0,0.704,0.000,1.267,0.00,-1.0,0.0,0,1,0,0,0,-1,0.00,0.00
66.809,25.0,0.0,0.704,0.000,1.268,0.00,-1.0,0.0,0,1,0,0,0,-1,0.00,0.00
66.861,25.0,0.0,0.704,0.000,1.268,0.00,-1.0,0.0,0,1,0,0,0,-1,0.00,0.00
66.926,25.0,0.0,0.704,0.000,1.268,0.00,-1.0,0.0,0,1,0,0,0,-1,0.00,0.00
66.977,25.0,0.0,0.704,0.000,1.268,0.00,-1.0,0.0,0,1,0,0,0,-1,0.00,0.00
67.049,25.0,0.0,0.704,0.000,1.268,0.00,-1.0,0.0,0,1,0,0,0,-1,0.00,0.00
67.110,25.0,0.0,0.704,0.000,1.268,0.00,-1.0,0.0,0,1,0,0,0,-1,0.00,0.00
67.177,25.0,0.0,0.704,0.000,1.268,0.00,-1.0,0.0,0,1,0,0,0,-1,0.00,0.00
67.243,25.0,0.0,0.704,0.000,1.268,0.00,-1.0,0.0,0,1,0,0,0,-1,0.00,0.00
67.294,25.0,0.0,0.704,0.000,1.268,0.00,-1.0,0.0,0,1,0,0,0,-1,0.00,0.00
67.350,25.0,0.0,0.704,0.000,1.268,0.00,-1.0,0.0,0,1,0,0,0,-1,0.00,0.00
67.415,25.0,0.0,0.704,0.000,1.268,0.00,-1.0,0.0,0,1,0,0,0,-1,0.00,0.00
67.476,25.0,0.0,0.704,0.000,1.268,0.00,-1.0,0.0,0,1,0,0,0,-1,0.00,0.00
67.526,23.6,0.0,0.704,0.000,1.268,0.00,-1.0,0.0,0,1,0,0,0,-1,0.00,0.00
67.577,19.6,0.0,0.558,0.000,1.220,0.00,-1.0,0.0,0,1,0,0,0,-1,0.00,0.00
67.643,14.3,0.0,0.254,0.000,0.960,0.00,-1.0,0.0,0,1,0,0,0,-1,0.00,0.00
67.709,9.0,0.0,0.077,0.000,0.719,0.00,-1.0,0.0,0,1,0,0,0,-1,0.00,0.00
67.762,4.8,0.0,0.001,0.000,0.493,0.00,-1.0,0.0,0,1,0,0,0,-1,0.00,0.00
67.826,0.0,0.0,0.000,0.000,0.330,0.00,-1.0,0.0,0,1,0,0,0,-1,0.00,0.00
67.893,0.0,0.0,0.000,0.000,0.221,0.00,-1.0,0.0,0,1,0,0,0,-1,0.00,0.00
67.959,0.0,0.0,0.000,0.000,0.148,0.00,-1.0,0.0,0,1,0,0,0,-1,0.00,0.00
68.009,0.0,0.0,0.000,0.000,0.099,0.00,-1.0,0.0,0,1,0,0,0,-1,0.00,0.00
68.076,0.0,0.0,0.000,0.000,0.067,0.00,-1.0,0.0,0,1,0,0,0,-1,0.00,0.00
68.142,0.0,0.0,0.000,0.000,0.039,0.00,-1.0,0.0,0,1,0,0,0,-1,0.00,0.00
68.193,0.0,0.0,0.000,0.000,0.030,0.00,-1.0,0.0,0,1,0,0,0,-1,0.00,0.00
68.243,0.0,0.0,0.000,0.000,0.020,0.00,-1.0,0.0,0,1,0,0,0,-1,0.00,0.00
68.309,0.0,0.0,0.000,0.000,0.013,0.00,-1.0,0.0,0,1,0,0,0,-1,0.00,0.00
68.375,0.0,0.0,0.000,0.000,0.009,0.00,-1.0,0.0,0,1,0,0,0,-1,0.00,0.00
68.427,0.0,0.0,0.000,0.000,0.006,0.00,-1.0,0.0,0,1,0,0,0,-1,0.00,0.00
68.492,0.0,0.0,0.000,0.000,0.004,0.00,-1.0,0.0,0,1,0,0,0,-1,0.00,0.00
68.544,0.0,0.0,0.000,0.000,0.003,0.00,-1.0,0.0,0,1,0,0,0,-1,0.00,0.00
68.609,0.0,0.0,0.000,0.000,0.002,0.00,-1.0,0.0,0,1,0,0,0,-1,0.00,0.00
68.676,0.0,0.0,0.000,0.000,0.001,0.00,-1.0,0.0,0,1,0,0,0,-1,0.00,0.00
68.727,0.0,0.0,0.000,0.000,0.001,0.00,-1.0,0.0,0,1,0,0,0,-1,0.00,0.00
68.793,0.0,0.0,0.000,0.000,0.001,0.00,-1.0,0.0,0,1,0,0,0,-1,0.00,0.00
68.858,0.0,0.0,0.000,0.000,0.000,0.00,-1.0,0.0,0,1,0,0,0,-1,0.00,0.00
68.910,0.0,0.0,0.000,0.000,0.000,0.00,-1.0,0.0,0,1,0,0,0,-1,0.00,0.00
68.960,0.0,0.0,0.000,0.000,0.000,0.00,-1.0,0.0,0,1,0,0,0,-1,0.00,0.00
69.026,0.0,0.0,0.000,0.000,0.000,0.00,-1.0,0.0,0,1,0,0,0,-1,0.00,0.00
69.092,0.0,0.0,0.000,0.000,0.000,0.00,-1.0,0.0,0,1,0,0,0,-1,0.00,0.00
69.142,0.0,0.0,0.000,0.000,0.000,0.00,-1.0,0.0,0,1,0,0,0,-1,0.00,0.00
69.195,0.0,0.0,0.000,0.000,0.000,0.00,-1.0,0.0,0,1,0,0,0,-1,0.00,0.00
69.259,0.0,0.0,0.000,0.000,0.000,0.00,-1.0,0.0,0,1,0,0,0,-1,0.00,0.00
69.313,0.0,0.0,0.000,0.000,0.000,0.00,-1.0,0.0,0,1,0,0,0,-1,0.00,0.00
69.376,0.0,0.0,0.000,0.000,0.000,0.00,-1.0,0.0,0,1,0,0,0,-1,0.00,0.00
69.442,0.0,0.0,0.000,0.000,0.000,0.00,-1.0,0.0,0,1,0,0,0,-1,0.00,0.00
69.509,0.0,0.0,0.000,0.000,0.000,0.00,-1.0,0.0,0,1,0,0,0,-1,0.00,0.00
69.561,0.0,0.0,0.000,0.000,0.000,0.00,-1.0,0.0,0,1,0,0,0,-1,0.00,0.00
69.626,0.0,0.0,0.000,0.000,0.000,0.00,-1.0,0.0,0,1,0,0,0,-1,0.00,0.00
69.692,0.0,0.0,0.000,0.000,0.000,0.00,-1.0,0.0,0,1,0,0,0,-1,0.00,0.00
69.743,0.0,0.0,0.000,0.000,0.000,0.00,-1.0,0.0,0,1,0,0,0,-1,0.00,0.00
69.809,0.0,0.0,0.000,0.000,0.000,0.00,-1.0,0.0,0,1,0,0,0,-1,0.00,0.00
69.860,0.0,0.0,0.000,0.000,0.000,0.00,-1.0,0.0,0,1,0,0,0,-1,0.00,0.00
69.926,0.0,0.0,0.000,0.000,0.000,0.00,-1.0,0.0,0,1,0,0,0,-1,0.00,0.00
69.977,0.0,0.0,0.000,0.000,0.000,0.00,-1.0,0.0,0,1,0,0,0,-1,0.00,0.00
70.043,0.0,0.0,0.000,0.000,0.000,0.00,-1.0,0.0,0,1,0,0,0,-1,0.00,0.00
70.109,0.0,0.0,0.000,0.000,0.000,0.00,-1.0,0.0,0,1,0,0,0,-1,0.00,0.00
70.160,0.0,0.0,0.000,0.000,0.000,0.00,-1.0,0.0,0,1,0,0,0,-1,0.00,0.00
70.226,0.0,0.0,0.000,0.000,0.000,0.00,-1.0,0.0,0,1,0,0,0,-1,0.00,0.00
70.292,0.0,0.0,0.000,0.000,0.000,0.00,-1.0,0.0,0,1,0,0,0,-1,0.00,0.00
70.358,0.0,0.0,0.000,0.000,0.000,0.00,-1.0,0.0,0,1,0,0,0,-1,0.00,0.00
70.410,0.0,0.0,0.000,0.000,0.000,0.00,-1.0,0.0,0,1,0,0,0,-1,0.00,0.00
70.460,0.0,0.0,0.000,0.000,0.000,0.00,-1.0,0.0,0,1,0,0,0,-1,0.00,0.00
70.526,0.0,0.0,0.000,0.000,0.000,0.00,-1.0,0.0,0,1,0,0,0,-1,0.00,0.00
70.592,0.0,0.0,0.000,0.000,0.000,0.00,-1.0,0.0,0,1,0,0,0,-1,0.00,0.00
70.643,0.0,0.0,0.000,0.000,0.000,0.00,-1.0,0.0,0,1,0,0,0,-1,0.00,0.00
70.694,0.0,0.0,0.000,0.000,0.000,0.00,-1.0,0.0,0,1,0,0,0,-1,0.00,0.00
70.759,0.0,0.0,0.000,0.000,0.000,0.00,-1.0,0.0,0,1,0,0,0,-1,0.00,0.00
70.826,0.0,0.0,0.000,0.000,0.000,0.00,-1.0,0.0,0,1,0,0,0,-1,0.00,0.00
70.892,0.0,0.0,0.000,0.000,0.000,0.00,-1.0,0.0,0,1,0,0,0,-1,0.00,0.00
70.958,0.0,0.0,0.000,0.000,0.000,0.00,-1.0,0.0,0,1,0,0,0,-1,0.00,0.00
71.009,0.0,0.0,0.000,0.000,0.000,0.00,-1.0,0.0,0,1,0,0,0,-1,0.00,0.00
71.076,0.0,0.0,0.000,0.000,0.000,0.00,-1.0,0.0,0,1,0,0,0,-1,0.00,0.00
71.143,0.0,0.0,0.000,0.000,0.000,0.00,-1.0,0.0,0,1,0,0,0,-1,0.00,0.00
71.210,0.0,0.0,0.000,0.000,0.000,0.00,-1.0,0.0,0,1,0,0,0,-1,0.00,0.00
71.276,0.0,0.0,0.000,0.000,0.000,0.00,-1.0,0.0,0,1,0,0,0,-1,0.00,0.00
71.342,0.0,0.0,0.000,0.000,0.000,0.00,-1.0,0.0,0,1,0,0,0,-1,0.00,0.00
71.409,0.0,0.0,0.000,0.000,0.000,0.00,-1.0,0.0,0,1,0,0,0,-1,0.00,0.00
71.476,0.0,0.0,0.000,0.000,0.000,0.00,-1.0,0.0,0,1,0,0,0,-1,0.00,0.00
71.542,0.0,0.0,0.000,0.000,0.000,0.00,-1.0,0.0,0,1,0,0,0,-1,0.00,0.00
71.595,0.0,0.0,0.000,0.000,0.000,0.00,-1.0,0.0,0,1,0,0,0,-1,0.00,0.00
71.659,0.0,0.0,0.000,0.000,0.000,0.00,-1.0,0.0,0,1,0,0,0,-1,0.00,0.00
71.725,0.0,0.0,0.000,0.000,0.000,0.00,-1.0,0.0,0,1,0,0,0,-1,0.00,0.00
71.776,0.0,0.0,0.000,0.000,0.000,0.00,-1.0,0.0,0,1,0,0,0,-1,0.00,0.00
71.827,0.0,0.0,0.000,0.000,0.000,0.00,-1.0,0.0,0,1,0,0,0,-1,0.00,0.00
71.892,0.0,0.0,0.000,0.000,0.000,0.00,-1.0,0.0,0,1,0,0,0,-1,0.00,0.00
71.942,0.0,0.0,0.000,0.000,0.000,0.00,-1.0,0.0,0,1,0,0,0,-1,0.00,0.00
72.009,0.0,0.0,0.000,0.000,0.000,0.00,-1.0,0.0,0,1,0,0,0,-1,0.00,0.00
72.075,0.0,0.0,0.000,0.000,0.000,0.00,-1.0,0.0,0,1,0,0,0,-1,0.00,0.00
72.126,0.0,0.0,0.000,0.000,0.000,0.00,-1.0,0.0,0,1,0,0,0,-1,0.00,0.00
72.176,0.0,0.0,0.000,0.000,0.000,0.00,-1.0,0.0,0,1,0,0,0,-1,0.00,0.00
72.226,0.0,0.0,0.000,0.000,0.000,0.00,-1.0,0.0,0,1,0,0,0,-1,0.00,0.00
72.291,0.0,0.0,0.000,0.000,0.000,0.00,-1.0,0.0,0,1,0,0,0,-1,0.00,0.00
72.342,0.0,0.0,0.000,0.000,0.000,0.00,-1.0,0.0,0,1,0,0,0,-1,0.00,0.00
72.393,0.0,0.0,0.000,0.000,0.000,0.00,-1.0,0.0,0,1,0,0,0,-1,0.00,0.00
72.459,0.0,0.0,0.000,0.000,0.000,0.00,-1.0,0.0,0,1,0,0,0,-1,0.00,0.00
72.510,0.0,0.0,0.000,0.000,0.000,0.00,-1.0,0.0,0,1,0,0,0,-1,0.00,0.00
72.575,0.0,0.0,0.000,0.000,0.000,0.00,-1.0,0.0,0,1,0,0,0,-1,0.00,0.00
72.626,0.0,0.0,0.000,0.000,0.000,0.00,-1.0,0.0,0,1,0,0,0,-1,0.00,0.00
72.696,0.0,0.0,0.000,0.000,0.000,0.00,-1.0,0.0,0,1,0,0,0,-1,0.00,0.00
72.760,0.0,0.0,0.000,0.000,0.000,0.00,-1.0,0.0,0,1,0,0,0,-1,0.00,0.00
72.826,0.0,0.0,0.000,0.000,0.000,0.00,-1.0,0.0,0,1,0,0,0,-1,0.00,0.00
72.893,0.0,0.0,0.000,0.000,0.000,0.00,-1.0,0.0,0,1,0,0,0,-1,0.00,0.00
72.943,0.0,0.0,0.000,0.000,0.000,0.00,-1.0,0.0,0,1,0,0,0,-1,0.00,0.00
73.009,0.0,0.0,0.000,0.000,0.000,0.00,-1.0,0.0,0,1,0,0,0,-1,0.00,0.00
73.060,0.0,0.0,0.000,0.000,0.000,0.00,-1.0,0.0,0,1,0,0,0,-1,0.00,0.00
73.126,0.0,0.0,0.000,0.000,0.000,0.00,-1.0,0.0,0,1,0,0,0,-1,0.00,0.00
73.192,0.0,0.0,0.000,0.000,0.000,0.00,-1.0,0.0,0,1,0,0,0,-1,0.00,0.00
73.259,0.0,0.0,0.000,0.000,0.000,0.00,-1.0,0.0,0,1,0,0,0,-1,0.00,0.00
73.325,0.0,0.0,0.000,0.000,0.000,0.00,-1.0,0.0,0,1,0,0,0,-1,0.00,0.00
73.377,0.0,0.0,0.000,0.000,0.000,0.00,-1.0,0.0,0,1,0,0,0,-1,0.00,0.00
73.442,0.0,0.0,0.000,0.000,0.000,0.00,-1.0,0.0,0,1,0,0,0,-1,0.00,0.00
73.493,0.0,0.0,0.000,0.000,0.000,0.00,-1.0,0.0,0,1,0,0,0,-1,0.00,0.00
73.543,0.0,0.0,0.000,0.000,0.000,0.00,-1.0,0.0,0,1,0,0,0,-1,0.00,0.00
73.633,0.0,0.0,0.000,0.000,0.000,0.00,-1.0,0.0,0,1,0,0,0,-1,0.00,0.00
73.698,0.0,0.0,0.000,0.000,0.000,0.00,-1.0,0.0,0,1,0,0,0,-1,0.00,0.00
73.765,0.0,0.0,0.000,0.000,0.000,0.00,-1.0,0.0,0,1,0,0,0,-1,0.00,0.00
73.815,0.0,0.0,0.000,0.000,0.000,0.00,-1.0,0.0,0,1,0,0,0,-1,0.00,0.00
73.882,0.0,0.0,0.000,0.000,0.000,0.00,-1.0,0.0,0,1,0,0,0,-1,0.00,0.00
73.949,0.0,0.0,0.000,0.000,0.000,0.00,-1.0,0.0,0,1,0,0,0,-1,0.00,0.00
74.014,0.0,0.0,0.000,0.000,0.000,0.00,-1.0,0.0,0,1,0,0,0,-1,0.00,0.00
74.065,0.0,0.0,0.000,0.000,0.000,0.00,-1.0,0.0,0,1,0,0,0,-1,0.00,0.00
74.131,0.0,0.0,0.000,0.000,0.000,0.00,-1.0,0.0,0,1,0,0,0,-1,0.00,0.00
74.198,0.0,0.0,0.000,0.000,0.000,0.00,-1.0,0.0,0,1,0,0,0,-1,0.00,0.00
74.248,0.0,0.0,0.000,0.000,0.000,0.00,-1.0,0.0,0,1,0,0,0,-1,0.00,0.00
74.300,0.0,0.0,0.000,0.000,0.000,0.00,-1.0,0.0,0,1,0,0,0,-1,0.00,0.00
74.364,0.0,0.0,0.000,0.000,0.000,0.00,-1.0,0.0,0,1,0,0,0,-1,0.00,0.00
74.414,0.0,0.0,0.000,0.000,0.000,0.00,-1.0,0.0,0,1,0,0,0,-1,0.00,0.00
74.481,0.0,0.0,0.000,0.000,0.000,0.00,-1.0,0.0,0,1,0,0,0,-1,0.00,0.00
74.547,0.0,0.0,0.000,0.000,0.000,0.00,-1.0,0.0,0,1,0,0,0,-1,0.00,0.00
74.598,0.0,0.0,0.000,0.000,0.000,0.00,-1.0,0.0,0,1,0,0,0,-1,0.00,0.00
74.664,0.0,0.0,0.000,0.000,0.000,0.00,-1.0,0.0,0,1,0,0,0,-1,0.00,0.00
74.716,0.0,0.0,0.000,0.000,0.000,0.00,-1.0,0.0,0,1,0,0,0,-1,0.00,0.00
74.781,0.0,0.0,0.000,0.000,0.000,0.00,-1.0,0.0,0,1,0,0,0,-1,0.00,0.00
74.831,0.0,0.0,0.000,0.000,0.000,0.00,-1.0,0.0,0,1,0,0,0,-1,0.00,0.00
74.897,0.0,0.0,0.000,0.000,0.000,0.00,-1.0,0.0,0,1,0,0,0,-1,0.00,0.00
74.947,0.0,0.0,0.000,0.000,0.000,0.00,-1.0,0.0,0,1,0,0,0,-1,0.00,0.00
74.998,0.0,0.0,0.000,0.000,0.000,0.00,-1.0,0.0,0,1,0,0,0,-1,0.00,0.00
75.048,0.0,0.0,0.000,0.000,0.000,0.00,-1.0,0.0,0,1,0,0,0,-1,0.00,0.00
75.098,0.0,0.0,0.000,0.000,0.000,0.00,-1.0,0.0,0,1,0,0,0,-1,0.00,0.00
75.165,0.0,0.0,0.000,0.000,0.000,0.00,-1.0,0.0,0,1,0,0,0,-1,0.00,0.00
75.232,0.0,0.0,0.000,0.000,0.000,0.00,-1.0,0.0,0,1,0,0,0,-1,0.00,0.00
75.298,0.0,0.0,0.000,0.000,0.000,0.00,-1.0,0.0,0,1,0,0,0,-1,0.00,0.00
75.364,0.0,0.0,0.000,0.000,0.000,0.00,-1.0,0.0,0,1,0,0,0,-1,0.00,0.00
75.415,0.0,0.0,0.000,0.000,0.000,0.00,-1.0,0.0,0,1,0,0,0,-1,0.00,0.00
75.482,0.0,0.0,0.000,0.000,0.000,0.00,-1.0,0.0,0,1,0,0,0,-1,0.00,0.00
75.548,0.0,0.0,0.000,0.000,0.000,0.00,-1.0,0.0,0,1,0,0,0,-1,0.00,0.00
75.600,0.0,0.0,0.000,0.000,0.000,0.00,-1.0,0.0,0,1,0,0,0,-1,0.00,0.00
75.664,0.0,0.0,0.000,0.000,0.000,0.00,-1.0,0.0,0,1,0,0,0,-1,0.00,0.00
75.714,0.0,0.0,0.000,0.000,0.000,0.00,-1.0,0.0,0,1,0,0,0,-1,0.00,0.00
75.780,0.0,0.0,0.000,0.000,0.000,0.00,-1.0,0.0,0,1,0,0,0,-1,0.00,0.00
75.831,0.0,0.0,0.000,0.000,0.000,0.00,-1.0,0.0,0,1,0,0,0,-1,0.00,0.00
75.898,0.0,0.0,0.000,0.000,0.000,0.00,-1.0,0.0,0,1,0,0,0,-1,0.00,0.00
75.964,0.0,0.0,0.000,0.000,0.000,0.00,-1.0,0.0,0,1,0,0,0,-1,0.00,0.00
76.030,0.0,0.0,0.000,0.000,0.000,0.00,-1.0,0.0,0,1,0,0,0,-1,0.00,0.00
76.081,0.0,0.0,0.000,0.000,0.000,0.00,-1.0,0.0,0,1,0,0,0,-1,0.00,0.00
76.147,0.0,0.0,0.000,0.000,0.000,0.00,-1.0,0.0,0,1,0,0,0,-1,0.00,0.00
76.198,0.0,0.0,0.000,0.000,0.000,0.00,-1.0,0.0,0,1,0,0,0,-1,0.00,0.00
76.248,0.0,0.0,0.000,0.000,0.000,0.00,-1.0,0.0,0,1,0,0,0,-1,0.00,0.00
76.314,0.0,0.0,0.000,0.000,0.000,0.00,-1.0,0.0,0,1,0,0,0,-1,0.00,0.00
76.365,0.0,0.0,0.000,0.000,0.000,0.00,-1.0,0.0,0,1,0,0,0,-1,0.00,0.00
76.431,0.0,0.0,0.000,0.000,0.000,0.00,-1.0,0.0,0,1,0,0,0,-1,0.00,0.00
76.481,0.0,0.0,0.000,0.000,0.000,0.00,-1.0,0.0,0,1,0,0,0,-1,0.00,0.00
76.547,0.0,0.0,0.000,0.000,0.000,0.00,-1.0,0.0,0,1,0,0,0,-1,0.00,0.00
76.598,0.0,0.0,0.000,0.000,0.000,0.00,-1.0,0.0,0,1,0,0,0,-1,0.00,0.00
76.649,0.0,0.0,0.000,0.000,0.000,0.00,-1.0,0.0,0,1,0,0,0,-1,0.00,0.00
76.714,0.0,0.0,0.000,0.000,0.000,0.00,-1.0,0.0,0,1,0,0,0,-1,0.00,0.00
76.764,0.0,0.0,0.000,0.000,0.000,0.00,-1.0,0.0,0,1,0,0,0,-1,0.00,0.00
76.814,0.0,0.0,0.000,0.000,0.000,0.00,-1.0,0.0,0,1,0,0,0,-1,0.00,0.00
76.865,0.0,0.0,0.000,0.000,0.000,0.00,-1.0,0.0,0,1,0,0,0,-1,0.00,0.00
76.915,0.0,0.0,0.000,0.000,0.000,0.00,-1.0,0.0,0,1,0,0,0,-1,0.00,0.00
76.980,0.0,0.0,0.000,0.000,0.000,0.00,-1.0,0.0,0,1,0,0,0,-1,0.00,0.00
77.031,0.0,0.0,0.000,0.000,0.000,0.00,-1.0,0.0,0,1,0,0,0,-1,0.00,0.00
77.097,0.0,0.0,0.000,0.000,0.000,0.00,-1.0,0.0,0,1,0,0,0,-1,0.00,0.00
77.148,0.0,0.0,0.000,0.000,0.000,0.00,-1.0,0.0,0,1,0,0,0,-1,0.00,0.00
77.198,0.0,0.0,0.000,0.000,0.000,0.00,-1.0,0.0,0,1,0,0,0,-1,0.00,0.00
77.264,0.0,0.0,0.000,0.000,0.000,0.00,-1.0,0.0,0,1,0,0,0,-1,0.00,0.00
77.331,0.0,0.0,0.000,0.000,0.000,0.00,-1.0,0.0,0,1,0,0,0,-1,0.00,0.00
77.397,0.0,0.0,0.000,0.000,0.000,0.00,-1.0,0.0,0,1,0,0,0,-1,0.00,0.00
77.464,0.0,0.0,0.000,0.000,0.000,0.00,-1.0,0.0,0,1,0,0,0,-1,0.00,0.00
77.531,0.0,0.0,0.000,0.000,0.000,0.00,-1.0,0.0,0,1,0,0,0,-1,0.00,0.00
77.597,0.0,0.0,0.000,0.000,0.000,0.00,-1.0,0.0,0,1,0,0,0,-1,0.00,0.00
77.647,0.0,0.0,0.000,0.000,0.000,0.00,-1.0,0.0,0,1,0,0,0,-1,0.00,0.00
77.714,0.0,0.0,0.000,0.000,0.000,0.00,-1.0,0.0,0,1,0,0,0,-1,0.00,0.00
77.781,0.0,0.0,0.000,0.000,0.000,0.00,-1.0,0.0,0,1,0,0,0,-1,0.00,0.00
77.831,0.0,0.0,0.000,0.000,0.000,0.00,-1.0,0.0,0,1,0,0,0,-1,0.00,0.00
77.898,0.0,0.0,0.000,0.000,0.000,0.00,-1.0,0.0,0,1,0,0,0,-1,0.00,0.00
77.964,0.0,0.0,0.000,0.000,0.000,0.00,-1.0,0.0,0,1,0,0,0,-1,0.00,0.00
78.015,0.0,0.0,0.000,0.000,0.000,0.00,-1.0,0.0,0,1,0,0,0,-1,0.00,0.00
78.082,0.0,0.0,0.000,0.000,0.000,0.00,-1.0,0.0,0,1,0,0,0,-1,0.00,0.00
78.148,0.0,0.0,0.000,0.000,0.000,0.00,-1.0,0.0,0,1,0,0,0,-1,0.00,0.00
78.214,0.0,0.0,0.000,0.000,0.000,0.00,-1.0,0.0,0,1,0,0,0,-1,0.00,0.00
78.265,0.0,0.0,0.000,0.000,0.000,0.00,-1.0,0.0,0,1,0,0,0,-1,0.00,0.00
78.331,0.0,0.0,0.000,0.000,0.000,0.00,-1.0,0.0,0,1,0,0,0,-1,0.00,0.00
78.397,0.0,0.0,0.000,0.000,0.000,0.00,-1.0,0.0,0,1,0,0,0,-1,0.00,0.00
78.464,0.0,0.0,0.000,0.000,0.000,0.00,-1.0,0.0,0,1,0,0,0,-1,0.00,0.00
78.517,0.0,0.0,0.000,0.000,0.000,0.00,-1.0,0.0,0,1,0,0,0,-1,0.00,0.00
78.581,0.0,0.0,0.000,0.000,0.000,0.00,-1.0,0.0,0,1,0,0,0,-1,0.00,0.00
78.632,0.0,0.0,0.000,0.000,0.000,0.00,-1.0,0.0,0,1,0,0,0,-1,0.00,0.00
78.698,0.0,0.0,0.000,0.000,0.000,0.00,-1.0,0.0,0,1,0,0,0,-1,0.00,0.00
78.766,0.0,0.0,0.000,0.000,0.000,0.00,-1.0,0.0,0,1,0,0,0,-1,0.00,0.00
78.835,0.0,0.0,0.000,0.000,0.000,0.00,-1.0,0.0,0,1,0,0,0,-1,0.00,0.00
78.898,0.0,0.0,0.000,0.000,0.000,0.00,-1.0,0.0,0,1,0,0,0,-1,0.00,0.00
78.948,0.0,0.0,0.000,0.000,0.000,0.00,-1.0,0.0,0,1,0,0,0,-1,0.00,0.00
79.014,0.0,0.0,0.000,0.000,0.000,0.00,-1.0,0.0,0,1,0,0,0,-1,0.00,0.00
79.081,0.0,0.0,0.000,0.000,0.000,0.00,-1.0,0.0,0,1,0,0,0,-1,0.00,0.00
79.148,0.0,0.0,0.000,0.000,0.000,0.00,-1.0,0.0,0,1,0,0,0,-1,0.00,0.00
79.198,0.0,0.0,0.000,0.000,0.000,0.00,-1.0,0.0,0,1,0,0,0,-1,0.00,0.00
79.264,0.0,0.0,0.000,0.000,0.000,0.00,-1.0,0.0,0,1,0,0,0,-1,0.00,0.00
79.316,0.0,0.0,0.000,0.000,0.000,0.00,-1.0,0.0,0,1,0,0,0,-1,0.00,0.00
79.381,0.0,0.0,0.000,0.000,0.000,0.00,-1.0,0.0,0,1,0,0,0,-1,0.00,0.00
79.446,0.0,0.0,0.000,0.000,0.000,0.00,-1.0,0.0,0,1,0,0,0,-1,0.00,0.00
79.497,0.0,0.0,0.000,0.000,0.000,0.00,-1.0,0.0,0,1,0,0,0,-1,0.00,0.00
79.547,0.0,0.0,0.000,0.000,0.000,0.00,-1.0,0.0,0,1,0,0,0,-1,0.00,0.00
79.599,0.0,0.0,0.000,0.000,0.000,0.00,-1.0,0.0,0,1,0,0,0,-1,0.00,0.00
79.666,0.0,0.0,0.000,0.000,0.000,0.00,-1.0,0.0,0,1,0,0,0,-1,0.00,0.00
79.732,0.0,0.0,0.000,0.000,0.000,0.00,-1.0,0.0,0,1,0,0,0,-1,0.00,0.00
79.797,0.0,0.0,0.000,0.000,0.000,0.00,-1.0,0.0,0,1,0,0,0,-1,0.00,0.00
79.850,0.0,0.0,0.000,0.000,0.000,0.00,-1.0,0.0,0,1,0,0,0,-1,0.00,0.00
79.914,0.0,0.0,0.000,0.000,0.000,0.00,-1.0,0.0,0,1,0,0,0,-1,0.00,0.00
79.965,0.0,0.0,0.000,0.000,0.000,0.00,-1.0,0.0,0,1,0,0,0,-1,0.00,0.00
80.032,0.0,0.0,0.000,0.000,0.000,0.00,-1.0,0.0,0,1,0,0,0,-1,0.00,0.00
80.098,0.0,0.0,0.000,0.000,0.000,0.00,-1.0,0.0,0,1,0,0,0,-1,0.00,0.00
80.164,0.0,0.0,0.000,0.000,0.000,0.00,-1.0,0.0,0,1,0,0,0,-1,0.00,0.00
80.232,0.0,0.0,0.000,0.000,0.000,0.00,-1.0,0.0,0,1,0,0,0,-1,0.00,0.00
80.298,0.0,0.0,0.000,0.000,0.000,0.00,-1.0,0.0,0,1,0,0,0,-1,0.00,0.00
80.348,0.0,0.0,0.000,0.000,0.000,0.00,-1.0,0.0,0,1,0,0,0,-1,0.00,0.00
80.414,0.0,0.0,0.000,0.000,0.000,0.00,-1.0,0.0,0,1,0,0,0,-1,0.00,0.00
80.464,0.0,0.0,0.000,0.000,0.000,0.00,-1.0,0.0,0,1,0,0,0,-1,0.00,0.00
80.515,0.0,0.0,0.000,0.000,0.000,0.00,-1.0,0.0,0,1,0,0,0,-1,0.00,0.00
80.565,0.0,0.0,0.000,0.000,0.000,0.00,-1.0,0.0,0,1,0,0,0,-1,0.00,0.00
80.630,0.0,0.0,0.000,0.000,0.000,0.00,-1.0,0.0,0,1,0,0,0,-1,0.00,0.00
80.680,0.0,0.0,0.000,0.000,0.000,0.00,-1.0,0.0,0,1,0,0,0,-1,0.00,0.00
80.735,0.0,0.0,0.000,0.000,0.000,0.00,-1.0,0.0,0,1,0,0,0,-1,0.00,0.00
